"","player","team","position","points","total_rebounds","assists","steals","blocks","missed_field_goals","missed_free_throws","turnovers","games_played","efficiency","salary"
"1","Aaron Brooks","CHI","PG",7.11594202898551,1.46376811594203,2.60869565217391,0.434782608695652,0.144927536231884,-4.07246376811594,-0.217391304347826,-1.18840579710145,69,1.46057548374759,2e+06
"2","Aaron Gordon","ORL","PF",9.21794871794872,6.5,1.64102564102564,0.756410256410256,0.705128205128205,-3.91025641025641,-0.82051282051282,-0.846153846153846,78,4.49896199242326,4171680
"3","Aaron Harrison","CHO","SG",0.857142857142857,0.714285714285714,0.0952380952380952,0.285714285714286,0,-0.666666666666667,-0.333333333333333,-0.19047619047619,21,-0.872519537582957,525093
"4","Adreian Payne","MIN","PF",2.53846153846154,2.13461538461538,0.557692307692308,0.307692307692308,0.211538461538462,-1.76923076923077,-0.173076923076923,-0.692307692307692,52,0.361960283727,1938840
"5","Al-Farouq Aminu","POR","SF",10.2317073170732,6.08536585365854,1.68292682926829,0.878048780487805,0.646341463414634,-5.1219512195122,-0.5,-1.46341463414634,82,4.10690315197572,7500000
"6","Al Horford","ATL","C",15.2317073170732,7.26829268292683,3.20731707317073,0.829268292682927,1.47560975609756,-6.32926829268293,-0.317073170731707,-1.30487804878049,82,10.2564257814918,1.2e+07
"7","Al Jefferson","CHO","C",11.9574468085106,6.40425531914894,1.48936170212766,0.638297872340426,0.872340425531915,-5.53191489361702,-0.829787234042553,-0.723404255319149,47,6.32782032810366,13833333
"8","Alan Anderson","WAS","SG",5,2.07692307692308,1.07692307692308,0.307692307692308,0.0769230769230769,-2.92307692307692,-0.307692307692308,-0.153846153846154,13,-0.353982977563507,4e+06
"9","Alan Williams","PHO","PF",2.9,3.8,0.5,0.4,0.5,-1.4,-0.5,-0.6,10,1.1478829330635,114285
"10","Alec Burks","UTA","SG",13.2903225806452,3.51612903225806,2.03225806451613,0.580645161290323,0.129032258064516,-6.35483870967742,-1.12903225806452,-1.64516129032258,31,-0.841229165601362,9213484
"11","Alex Len","PHO","C",9.01282051282051,7.61538461538461,1.24358974358974,0.487179487179487,0.794871794871795,-4.61538461538461,-0.833333333333333,-1.85897435897436,78,3.523459647648,3807120
"12","Alex Stepheson","LAC","PF",0.5,0.5,0,0,0.5,0,-0.5,0,4,0.0817769095818388,61776
"13","Alex Stepheson","MEM","PF",5,6.5,0.5,0.25,0.75,-4.5,-1.5,0,4,-0.898734853719655,30888
"14","Alexis Ajinca","NOP","C",5.96610169491525,4.55932203389831,0.525423728813559,0.322033898305085,0.610169491525424,-2.79661016949153,-0.169491525423729,-0.915254237288136,59,3.37034741660196,4300000
"15","Allen Crabbe","POR","SG",10.2716049382716,2.66666666666667,1.22222222222222,0.777777777777778,0.197530864197531,-4.53086419753086,-0.185185185185185,-0.790123456790123,81,1.72228252311495,947276
"16","Alonzo Gee","NOP","SF",4.45205479452055,3.35616438356164,0.986301369863014,0.863013698630137,0.178082191780822,-1.68493150684932,-0.301369863013699,-0.753424657534247,73,2.61257402133726,1375000
"17","Amar'e Stoudemire","MIA","C",5.76923076923077,4.26923076923077,0.519230769230769,0.346153846153846,0.788461538461538,-1.84615384615385,-0.326923076923077,-0.903846153846154,52,3.94100034235166,1499187
"18","Amir Johnson","BOS","PF",7.30379746835443,6.39240506329114,1.74683544303797,0.658227848101266,1.05063291139241,-2.24050632911392,-0.658227848101266,-1.18987341772152,79,4.7711992074062,1.2e+07
"19","Anderson Varejao","GSW","C",2.63636363636364,2.27272727272727,0.681818181818182,0.227272727272727,0.227272727272727,-1.22727272727273,-0.590909090909091,-0.272727272727273,22,0.904853958243336,458575
"20","Andre Drummond","DET","C",16.2222222222222,14.7901234567901,0.827160493827161,1.46913580246914,1.38271604938272,-6.27160493827161,-4.66666666666667,-1.91358024691358,81,4.00469495175542,3272091
"21","Andre Iguodala","GSW","SF",7.03076923076923,4.04615384615385,3.36923076923077,1.12307692307692,0.292307692307692,-2.95384615384615,-0.492307692307692,-1.21538461538462,65,4.16588304618513,11710456
"22","Andre Miller","MIN","PG",3.38461538461538,0.923076923076923,2.23076923076923,0.346153846153846,0,-0.846153846153846,-0.153846153846154,-0.961538461538462,26,2.21365659191085,1499187
"23","Andre Miller","SAS","PG",4.30769230769231,2.07692307692308,2.23076923076923,0.538461538461538,0,-1.92307692307692,-0.307692307692308,-0.923076923076923,13,1.70315134581584,396844
"24","Andre Roberson","OKC","SG",4.81428571428571,3.58571428571429,0.671428571428571,0.757142857142857,0.6,-1.97142857142857,-0.3,-0.5,70,1.34252832447312,1210800
"25","Andrea Bargnani","BRK","C",6.60869565217391,2.10869565217391,0.391304347826087,0.0869565217391304,0.195652173913043,-3.30434782608696,-0.217391304347826,-0.565217391304348,46,2.89310227791478,1362900
"26","Andrew Bogut","GSW","C",5.35714285714286,7.02857142857143,2.31428571428571,0.471428571428571,1.62857142857143,-1.48571428571429,-0.371428571428571,-1.18571428571429,70,5.11507580924268,1.2e+07
"27","Andrew Goudelock","HOU","PG",2.75,0.25,0.5,0.75,0.25,-1.375,-0.125,-0.875,8,0.494950061574875,200600
"28","Andrew Nicholson","ORL","PF",6.85714285714286,3.58928571428571,0.446428571428571,0.178571428571429,0.392857142857143,-2.92857142857143,-0.25,-0.732142857142857,56,2.97999568397312,2380594
"29","Andrew Wiggins","MIN","SF",20.679012345679,3.60493827160494,2.02469135802469,0.962962962962963,0.567901234567901,-8.64197530864197,-1.66666666666667,-2.24691358024691,81,7.31229925875397,5758680
"30","Anthony Bennett","TOR","PF",1.47368421052632,1.21052631578947,0,0.263157894736842,0,-1,-0.0526315789473684,-0.210526315789474,19,0.295698291859866,947276
"31","Anthony Brown","LAL","SF",3.96551724137931,2.41379310344828,0.655172413793103,0.482758620689655,0.172413793103448,-3,-0.103448275862069,-0.517241379310345,29,0.600754128935776,7e+05
"32","Anthony Davis","NOP","PF",24.2786885245902,10.2786885245902,1.90163934426229,1.27868852459016,2.04918032786885,-9.44262295081967,-1.70491803278689,-1.98360655737705,61,11.2739401749818,7070730
"33","Anthony Morrow","OKC","SG",5.58823529411765,0.911764705882353,0.352941176470588,0.323529411764706,0.0735294117647059,-2.89705882352941,-0.147058823529412,-0.25,68,-0.0207822666561645,3344000
"34","Anthony Tolliver","DET","PF",5.31944444444444,3.18055555555556,0.722222222222222,0.361111111111111,0.222222222222222,-2.83333333333333,-0.25,-0.388888888888889,72,2.01667480638884,3e+06
"35","Archie Goodwin","PHO","PG",8.85964912280702,2.49122807017544,2.07017543859649,0.473684210526316,0.228070175438596,-4.31578947368421,-1.10526315789474,-1.75438596491228,57,0.826728153729094,1160160
"36","Aron Baynes","DET","C",6.34567901234568,4.74074074074074,0.62962962962963,0.259259259259259,0.641975308641975,-2.34567901234568,-0.481481481481481,-0.827160493827161,81,3.77933868680859,6500000
"37","Arron Afflalo","NYK","SG",12.8028169014085,3.74647887323944,2.02816901408451,0.352112676056338,0.140845070422535,-6.26760563380282,-0.295774647887324,-1.15492957746479,71,0.777644199496187,8e+06
"38","Austin Rivers","LAC","SG",8.85074626865672,1.94029850746269,1.47761194029851,0.716417910447761,0.134328358208955,-4.32835820895522,-0.552238805970149,-0.91044776119403,67,-0.0320897948917694,3100000
"39","Avery Bradley","BOS","SG",15.1973684210526,2.89473684210526,2.07894736842105,1.53947368421053,0.25,-7.40789473684211,-0.355263157894737,-1.43421052631579,76,1.13822448387192,7730337
"40","Axel Toupane","DEN","SF",3.61904761904762,1.47619047619048,0.714285714285714,0.333333333333333,0.285714285714286,-2.14285714285714,-0.19047619047619,-0.285714285714286,21,1.18297020186304,123552
"41","Ben McLemore","SAC","SG",7.80882352941176,2.17647058823529,1.16176470588235,0.764705882352941,0.147058823529412,-3.82352941176471,-0.426470588235294,-1.45588235294118,68,-0.296650918656854,3156600
"42","Beno Udrih","MIA","PG",4.38888888888889,1.75,2.5,0.305555555555556,0,-2.38888888888889,-0.0555555555555556,-1.16666666666667,36,1.31042232739477,2170465
"43","Bismack Biyombo","TOR","C",5.53658536585366,7.98780487804878,0.353658536585366,0.231707317073171,1.6219512195122,-1.60975609756098,-1.02439024390244,-0.865853658536585,82,3.68048654170626,3e+06
"44","Blake Griffin","LAC","PF",21.4,8.4,4.85714285714286,0.8,0.485714285714286,-8.62857142857143,-1.51428571428571,-2.37142857142857,35,9.53487237291416,18907725
"45","Boban Marjanovic","SAS","C",5.5,3.59259259259259,0.388888888888889,0.222222222222222,0.425925925925926,-1.27777777777778,-0.5,-0.537037037037037,54,3.84722990441475,1200000
"46","Bobby Portis","CHI","PF",7.03225806451613,5.43548387096774,0.838709677419355,0.403225806451613,0.354838709677419,-4.03225806451613,-0.290322580645161,-0.870967741935484,62,2.28979754742909,1391160
"47","Bojan Bogdanovic","BRK","SF",11.2278481012658,3.22784810126582,1.25316455696203,0.367088607594937,0.0632911392405063,-5.37974683544304,-0.278481012658228,-1.45569620253165,79,4.00502333985048,3425510
"48","Boris Diaw","SAS","PF",6.38157894736842,3.06578947368421,2.31578947368421,0.342105263157895,0.276315789473684,-2.38157894736842,-0.263157894736842,-1.27631578947368,76,3.44534553121709,7e+06
"49","Bradley Beal","WAS","SG",17.4181818181818,3.41818181818182,2.94545454545455,0.981818181818182,0.2,-8,-0.745454545454545,-2.03636363636364,55,1.01264429758627,5694674
"50","Brandan Wright","MEM","PF",6.91666666666667,3.58333333333333,0.5,0.416666666666667,1.25,-1.41666666666667,-0.916666666666667,-0.833333333333333,12,4.28944591303648,5500000
"51","Branden Dawson","LAC","PF",0.833333333333333,0.666666666666667,0,0,0.166666666666667,-0.5,0,0,6,0.360353200075706,525093
"52","Brandon Bass","LAL","PF",7.16666666666667,4.31818181818182,1.12121212121212,0.5,0.833333333333333,-2.16666666666667,-0.348484848484849,-0.636363636363636,66,4.78008448990737,3e+06
"53","Brandon Jennings","ORL","PG",7,2,4,0.72,0.2,-4.08,-0.4,-1.4,25,1.71453926458519,8344497
"54","Brandon Knight","PHO","SG",19.5769230769231,3.88461538461538,5.05769230769231,1.17307692307692,0.384615384615385,-10.0769230769231,-0.519230769230769,-3.40384615384615,52,-0.0671005046653955,1.2e+07
"55","Brandon Rush","GSW","SG",4.23611111111111,2.51388888888889,0.791666666666667,0.277777777777778,0.319444444444444,-2.06944444444444,-0.138888888888889,-0.458333333333333,72,0.558359268920886,1270964
"56","Brian Roberts","POR","PG",2.85714285714286,0.571428571428571,0.761904761904762,0.142857142857143,0.0476190476190476,-1.28571428571429,-0.0952380952380952,-0.333333333333333,21,1.01407410669789,2854940
"57","Briante Weber","MEM","PG",4.83333333333333,4,3.33333333333333,1.5,0.5,-4.16666666666667,-0.166666666666667,-1.5,6,0.406377783116272,30888
"58","Briante Weber","MIA","PG",2,1,1,0,0,0,0,0,1,2.44191608342448,12355
"59","Brook Lopez","BRK","C",20.5616438356164,7.84931506849315,2.01369863013699,0.794520547945205,1.6986301369863,-7.75342465753425,-1.17808219178082,-2.3972602739726,73,11.5094557374076,2e+07
"60","Bruno Caboclo","TOR","SF",0.5,0.333333333333333,0.166666666666667,0.333333333333333,0.166666666666667,-1.83333333333333,0,-0.666666666666667,6,-1.87026037039067,1524000
"61","Bryce Cotton","MEM","PG",0.8,0,0,0,0,0,0,0,5,0.740964953828421,64622
"62","Bryce Cotton","PHO","PG",1.33333333333333,0,1,1,0,-2,0,-1.66666666666667,3,-1.94293345508497,228663
"63","Bryce Dejean-Jones","NOP","SG",5.64285714285714,3.42857142857143,1.07142857142857,0.714285714285714,0.142857142857143,-2.92857142857143,-0.714285714285714,-0.785714285714286,14,-0.617281295859734,281659
"64","C.J. McCollum","POR","SG",20.825,3.2375,4.2625,1.2125,0.2875,-9.875,-0.4875,-2.45,80,1.66603967497101,2525160
"65","C.J. Miles","IND","SF",11.765625,2.734375,0.984375,0.828125,0.453125,-5.859375,-0.484375,-1.09375,64,4.07229307265882,4394225
"66","C.J. Watson","ORL","PG",4.3030303030303,2,2.66666666666667,0.575757575757576,0.151515151515152,-2.72727272727273,-0.151515151515152,-0.757575757575758,33,1.29031431424616,5e+06
"67","C.J. Wilcox","LAC","SG",3.04347826086957,0.521739130434783,0.434782608695652,0.434782608695652,0.0869565217391304,-1.73913043478261,-0.130434782608696,-0.0869565217391304,23,-0.0980654143410534,1159680
"68","Cameron Bairstow","CHI","C",1.88888888888889,1.55555555555556,0.333333333333333,0.111111111111111,0.166666666666667,-1.5,-0.0555555555555556,-0.222222222222222,18,0.543482867457096,845059
"69","Cameron Payne","OKC","PG",4.96491228070175,1.49122807017544,1.89473684210526,0.631578947368421,0.105263157894737,-2.87719298245614,-0.087719298245614,-0.771929824561403,57,1.38670939914573,2021520
"70","Carl Landry","PHI","PF",9.75,4.05555555555556,0.888888888888889,0.333333333333333,0.25,-3.08333333333333,-0.666666666666667,-0.611111111111111,36,5.17525278237571,6500000
"71","Carmelo Anthony","NYK","SF",21.8472222222222,7.72222222222222,4.15277777777778,0.861111111111111,0.527777777777778,-10.2777777777778,-0.958333333333333,-2.44444444444444,72,8.83885619797265,22875000
"72","Caron Butler","SAC","SF",3.70588235294118,1.29411764705882,0.588235294117647,0.529411764705882,0.0588235294117647,-2,-0.117647058823529,-0.176470588235294,17,1.54561117715833,1499187
"73","Chandler Parsons","DAL","SF",13.7213114754098,4.67213114754098,2.77049180327869,0.754098360655738,0.344262295081967,-5.42622950819672,-0.704918032786885,-1.55737704918033,61,6.74009787709746,15361500
"74","Channing Frye","CLE","C",7.53846153846154,3.57692307692308,1,0.307692307692308,0.307692307692308,-3.46153846153846,-0.115384615384615,-0.5,26,4.47228626988579,7807579
"75","Charlie Villanueva","DAL","PF",5.14516129032258,2.45161290322581,0.387096774193548,0.290322580645161,0.241935483870968,-3.25806451612903,-0.032258064516129,-0.5,62,1.32048680763001,1499187
"76","Chase Budinger","IND","SF",4.40816326530612,2.46938775510204,1,0.591836734693878,0.183673469387755,-2.30612244897959,-0.285714285714286,-0.63265306122449,49,1.69245938734764,5e+06
"77","Chase Budinger","PHO","SF",3.23529411764706,1.70588235294118,0.882352941176471,0.176470588235294,0.0588235294117647,-1.29411764705882,-0.176470588235294,-0.764705882352941,17,1.4412922424436,258082
"78","Chris Andersen","MEM","C",4.6,4.45,0.45,0.7,0.5,-1.4,-0.5,-0.35,20,3.4108541602123,5e+06
"79","Chris Bosh","MIA","PF",19.0566037735849,7.35849056603774,2.41509433962264,0.679245283018868,0.641509433962264,-7.71698113207547,-1.0377358490566,-1.47169811320755,53,8.62589503912256,22192730
"80","Chris Johnson","UTA","SF",2.92857142857143,1.88571428571429,0.642857142857143,0.457142857142857,0.285714285714286,-1.74285714285714,-0.114285714285714,-0.571428571428571,70,0.990833853450473,981348
"81","Chris Kaman","POR","C",2.75,1.5,0.6875,0.0625,0.0625,-1.4375,0,-0.5,16,1.37040898075239,5e+06
"82","Chris McCullough","BRK","PF",4.66666666666667,2.83333333333333,0.375,1.16666666666667,0.5,-2.70833333333333,-0.5,-0.625,24,1.40721180024634,1140240
"83","Chris Paul","LAC","PG",19.5405405405405,4.18918918918919,9.97297297297297,2.05405405405405,0.175675675675676,-8.09459459459459,-0.459459459459459,-2.62162162162162,74,10.4221691948806,21468696
"84","Christian Wood","PHI","PF",3.58823529411765,2.23529411764706,0.176470588235294,0.294117647058824,0.411764705882353,-1.82352941176471,-0.470588235294118,-0.117647058823529,17,1.19332347766121,305789
"85","Chuck Hayes","HOU","C",2,4,1,0,0,-0.5,0,-1.5,2,1.29629928768654,83583
"86","Cleanthony Early","NYK","SF",1.82352941176471,1.52941176470588,0.352941176470588,0.117647058823529,0.176470588235294,-1.64705882352941,-0.0588235294117647,-0.529411764705882,17,-0.197068593926072,845059
"87","Cliff Alexander","POR","PF",1.25,0.75,0,0.125,0.25,-0.625,0,-0.125,8,0.614601779205475,525093
"88","Clint Capela","HOU","C",7.03896103896104,6.41558441558442,0.61038961038961,0.766233766233766,1.19480519480519,-2.15584415584416,-1.7012987012987,-0.779220779220779,77,3.35739542625538,1242720
"89","Cody Zeller","CHO","C",8.73972602739726,6.23287671232877,0.972602739726027,0.780821917808219,0.863013698630137,-2.82191780821918,-0.780821917808219,-0.931506849315068,73,5.76271721001673,4204200
"90","Cole Aldrich","LAC","C",5.46666666666667,4.8,0.833333333333333,0.783333333333333,1.13333333333333,-1.51666666666667,-0.4,-1.06666666666667,60,4.30498432960273,1100600
"91","Corey Brewer","HOU","SF",7.19512195121951,2.42682926829268,1.32926829268293,1.02439024390244,0.231707317073171,-4.14634146341463,-0.426829268292683,-0.951219512195122,82,2.04657321911315,8200000
"92","Cory Jefferson","PHO","PF",2.75,2,0,0,0.125,-1.625,-0.25,0,8,0.667804519052427,421449
"93","Cory Joseph","TOR","SG",8.4625,2.625,3.125,0.7875,0.25,-4.1,-0.5125,-1.275,80,0.676729182503402,7e+06
"94","Coty Clarke","BOS","SF",2,0.333333333333333,0,0,0,-0.666666666666667,0,-0.333333333333333,3,0.914593208296136,61776
"95","Courtney Lee","CHO","SG",8.92857142857143,3.10714285714286,2.14285714285714,1.17857142857143,0.428571428571429,-4.35714285714286,-0.107142857142857,-0.821428571428571,28,1.70216072775286,5675000
"96","Cristiano Felicio","CHI","C",3.38709677419355,3.29032258064516,0.838709677419355,0.193548387096774,0.419354838709677,-1.03225806451613,-0.32258064516129,-0.419354838709677,31,2.49656890505732,525090
"97","D'Angelo Russell","LAL","PG",13.175,3.425,3.325,1.1625,0.1625,-7.05,-0.625,-2.45,80,2.36227913418294,5103120
"98","D.J. Augustin","DEN","PG",11.6071428571429,1.85714285714286,4.71428571428571,0.892857142857143,0.0714285714285714,-4.53571428571429,-0.607142857142857,-1.92857142857143,28,4.90289490798628,3e+06
"99","Dahntay Jones","CLE","SF",13,5,2,1,2,-8,0,0,1,5.65183823411582,8819
"100","Damian Lillard","POR","PG",25.0533333333333,4.02666666666667,6.82666666666667,0.866666666666667,0.373333333333333,-11.4133333333333,-0.666666666666667,-3.22666666666667,75,8.42159430060288,4236287
"101","Damien Inglis","MIL","SF",1.8,1.55,0.5,0.3,0.15,-1.2,-0.05,-0.55,20,0.441805852379688,855000
"102","Damjan Rudez","MIN","SF",2.27272727272727,0.606060606060606,0.333333333333333,0.0909090909090909,0.0303030303030303,-1.12121212121212,0,-0.393939393939394,33,0.819134857206355,1149500
"103","Danilo Gallinari","DEN","SF",19.5471698113208,5.30188679245283,2.54716981132075,0.792452830188679,0.358490566037736,-7.79245283018868,-1.07547169811321,-1.45283018867925,53,9.03813872581055,1.4e+07
"104","Danny Green","SAS","SG",7.24050632911392,3.83544303797468,1.78481012658228,1,0.810126582278481,-4.43037974683544,-0.151898734177215,-0.949367088607595,79,-0.0388356192125604,1e+07
"105","Dante Cunningham","NOP","SF",6.05,2.95,0.9625,0.525,0.4125,-2.825,-0.3125,-0.5125,80,2.80486600219101,3e+06
"106","Darrell Arthur","DEN","PF",7.52857142857143,4.18571428571429,1.37142857142857,0.757142857142857,0.685714285714286,-3.82857142857143,-0.185714285714286,-0.942857142857143,70,3.37422760969396,2814000
"107","Darren Collison","SAC","PG",13.9864864864865,2.28378378378378,4.2972972972973,1.02702702702703,0.0540540540540541,-5.39189189189189,-0.432432432432432,-1.75675675675676,74,6.3443959427323,5013559
"108","Darrun Hilliard","DET","SG",4,1.18421052631579,0.710526315789474,0.236842105263158,0.0263157894736842,-2.07894736842105,-0.289473684210526,-0.5,38,-0.353790119174419,525093
"109","David Lee","BOS","PF",7.13333333333333,4.33333333333333,1.8,0.4,0.433333333333333,-3.5,-0.366666666666667,-1.26666666666667,30,2.82822791342554,15493680
"110","David Lee","DAL","PF",8.52,7,1.2,0.4,0.6,-2.08,-0.44,-1.12,25,5.93233250836169,2102224
"111","David West","SAS","PF",7.1025641025641,3.96153846153846,1.83333333333333,0.564102564102564,0.705128205128205,-2.61538461538462,-0.217948717948718,-0.871794871794872,78,4.42212483598763,1499000
"112","DeAndre Jordan","LAC","C",12.7272727272727,13.7532467532468,1.16883116883117,0.662337662337662,2.2987012987013,-1.96103896103896,-4.58441558441558,-1.38961038961039,77,5.54152891067424,19500000
"113","Delon Wright","TOR","PG",3.81481481481481,1.37037037037037,1.14814814814815,0.296296296296296,0.111111111111111,-1.62962962962963,-0.333333333333333,-0.592592592592593,27,1.23442049764758,1509360
"114","DeMar DeRozan","TOR","SG",23.4615384615385,4.47435897435897,4.03846153846154,1.03846153846154,0.269230769230769,-9.78205128205128,-1.25641025641026,-2.24358974358974,78,2.77289552113862,9500000
"115","DeMarcus Cousins","SAC","C",26.8923076923077,11.4923076923077,3.29230769230769,1.55384615384615,1.41538461538462,-11.2461538461538,-2.87692307692308,-3.83076923076923,65,11.33030914063,14728844
"116","DeMarre Carroll","TOR","SF",11,4.69230769230769,1.03846153846154,1.69230769230769,0.230769230769231,-6.34615384615385,-0.769230769230769,-1.07692307692308,26,2.99713593609537,13500000
"117","Dennis Schroder","ATL","PG",10.9875,2.55,4.3625,0.875,0.1125,-5.65,-0.475,-2.2875,80,2.7222429319485,1763400
"118","Deron Williams","DAL","PG",14.1230769230769,2.92307692307692,5.81538461538462,0.938461538461538,0.215384615384615,-6.98461538461538,-0.415384615384615,-2.30769230769231,65,4.70337091255019,5500000
"119","Derrick Favors","UTA","PF",16.3870967741935,8.11290322580645,1.51612903225806,1.19354838709677,1.46774193548387,-6.33870967741935,-1.19354838709677,-1.67741935483871,62,7.83415669605871,11933333
"120","Derrick Rose","CHI","PG",16.3636363636364,3.40909090909091,4.71212121212121,0.666666666666667,0.212121212121212,-9.10606060606061,-0.560606060606061,-2.65151515151515,66,2.91150181710823,20093063
"121","Derrick Williams","NYK","SF",9.325,3.7,0.9375,0.3625,0.1125,-3.8875,-0.775,-0.7625,80,3.72234562132761,4900000
"122","Devin Booker","PHO","SG",13.7894736842105,2.46052631578947,2.63157894736842,0.578947368421053,0.263157894736842,-6.57894736842105,-0.539473684210526,-2.10526315789474,76,0.157110960607247,2127840
"123","Devin Harris","DAL","PG",7.609375,2.15625,1.84375,0.9375,0.203125,-3.234375,-0.609375,-1.03125,64,2.57534268629454,4053000
"124","Devyn Marble","ORL","SG",2.14285714285714,1.35714285714286,0.428571428571429,0.464285714285714,0.0357142857142857,-1.78571428571429,-0.5,-0.25,28,-1.6712446285798,845059
"125","Dewayne Dedmon","ORL","C",4.39655172413793,3.93103448275862,0.224137931034483,0.379310344827586,0.793103448275862,-1.3448275862069,-0.327586206896552,-0.551724137931034,58,3.24250571180248,947278
"126","Dion Waiters","OKC","SG",9.76923076923077,2.58974358974359,1.97435897435897,1.03846153846154,0.192307692307692,-5.43589743589744,-0.576923076923077,-1.53846153846154,78,-1.11710966211236,5138430
"127","Dirk Nowitzki","DAL","PF",18.2933333333333,6.52,1.76,0.693333333333333,0.693333333333333,-8.18666666666667,-0.4,-1.12,75,8.15031895201918,8333334
"128","Donald Sloan","BRK","PG",6.95081967213115,2.83606557377049,4.39344262295082,0.524590163934426,0.0655737704918033,-3.21311475409836,-0.426229508196721,-1.31147540983607,61,2.99845408172397,1015421
"129","Donatas Motiejunas","HOU","PF",6.21621621621622,2.94594594594595,1.10810810810811,0.459459459459459,0.135135135135135,-3.10810810810811,-0.513513513513513,-1.18918918918919,37,1.71777163583192,2288205
"130","Doug McDermott","CHI","SF",9.4320987654321,2.40740740740741,0.728395061728395,0.172839506172839,0.0740740740740741,-4.35802469135802,-0.148148148148148,-0.654320987654321,81,3.87420152710591,2380440
"131","Draymond Green","GSW","PF",13.962962962963,9.49382716049383,7.38271604938272,1.46913580246914,1.39506172839506,-5.16049382716049,-1.23456790123457,-3.19753086419753,81,8.49085574574477,14300000
"132","Drew Gooden","WAS","PF",2.73333333333333,2.83333333333333,0.433333333333333,0.266666666666667,0.366666666666667,-2.33333333333333,-0.166666666666667,-0.433333333333333,30,0.203879787231946,3300000
"133","Duje Dukan","SAC","SF",6,4,1,1,0,-8,0,0,1,-2.30227505382587,525093
"134","Dwight Howard","HOU","C",13.7464788732394,11.7605633802817,1.38028169014085,0.971830985915493,1.59154929577465,-3.2112676056338,-3.40845070422535,-2.33802816901408,71,6.13317736335304,22359364
"135","Dwight Powell","DAL","PF",5.78260869565217,3.95652173913043,0.63768115942029,0.521739130434783,0.347826086956522,-2.17391304347826,-0.536231884057971,-0.579710144927536,69,2.8827540753982,845059
"136","Dwyane Wade","MIA","SG",19.0405405405405,4.08108108108108,4.64864864864865,1.06756756756757,0.567567567567568,-8.68918918918919,-1.13513513513514,-2.74324324324324,74,0.965079625607998,2e+07
"137","E'Twaun Moore","CHI","SG",7.50847457627119,2.25423728813559,1.67796610169492,0.627118644067797,0.305084745762712,-3.42372881355932,-0.220338983050847,-0.898305084745763,59,1.1279357642073,1015421
"138","Ed Davis","POR","PF",6.49382716049383,7.39506172839506,1.08641975308642,0.703703703703704,0.888888888888889,-1.61728395061728,-1.11111111111111,-0.790123456790123,81,4.28709207338823,7e+06
"139","Elfrid Payton","ORL","PG",10.6575342465753,3.57534246575342,6.41095890410959,1.21917808219178,0.273972602739726,-5.64383561643836,-1.06849315068493,-2.42465753424658,73,2.63955742692035,2505720
"140","Elijah Millsap","UTA","SG",1.8,1.75,0.95,0.35,0.15,-1.4,-0.25,-0.45,20,-0.721342855500637,362878
"141","Elliot Williams","MEM","PG",1.6,0.8,0.8,0,0,-1.6,-0.2,-0.2,5,-0.654852107467239,55722
"142","Elton Brand","PHI","C",4.11764705882353,3.70588235294118,1.05882352941176,0.529411764705882,0.470588235294118,-2.41176470588235,-0.0588235294117647,-0.647058823529412,17,2.40836094703687,890693
"143","Emmanuel Mudiay","DEN","PG",12.8235294117647,3.41176470588235,5.47058823529412,0.955882352941177,0.514705882352941,-8.47058823529412,-1.01470588235294,-3.19117647058824,68,-0.119405517780287,3102240
"144","Enes Kanter","OKC","C",12.6585365853659,8.09756097560976,0.402439024390244,0.317073170731707,0.402439024390244,-3.71951219512195,-0.621951219512195,-1.40243902439024,82,8.28454713374659,16400000
"145","Eric Bledsoe","PHO","PG",20.3870967741935,4.03225806451613,6.12903225806452,2.03225806451613,0.612903225806452,-8.67741935483871,-1.09677419354839,-3.54838709677419,31,7.10855748002178,13086957
"146","Eric Gordon","NOP","SG",15.2444444444444,2.2,2.68888888888889,0.955555555555556,0.311111111111111,-7.13333333333333,-0.311111111111111,-1.62222222222222,45,1.46454546581464,15514031
"147","Eric Moreland","SAC","PF",1,1.375,0.125,0,0.5,-0.375,-0.25,-0.375,8,0.363081756671221,845059
"148","Erick Green","DEN","PG",0,0.333333333333333,0.333333333333333,0,0,-0.333333333333333,0,0,3,-0.244239159957692,1e+05
"149","Erick Green","UTA","PG",2.16666666666667,0.833333333333333,0.333333333333333,0.166666666666667,0,-1.16666666666667,0,0,6,0.817763257779859,99418
"150","Ersan Ilyasova","ORL","PF",8.09090909090909,5.5,0.545454545454545,0.636363636363636,0.272727272727273,-4.04545454545455,-0.590909090909091,-0.545454545454545,22,3.02294722334024,7900000
"151","Evan Fournier","ORL","SF",15.3544303797468,2.84810126582278,2.69620253164557,1.21518987341772,0.0253164556962025,-6.32911392405063,-0.493670886075949,-1.68354430379747,79,7.19664161264529,2288205
"152","Evan Turner","BOS","SG",10.5432098765432,4.90123456790123,4.4320987654321,0.987654320987654,0.345679012345679,-5.06172839506173,-0.382716049382716,-2.08641975308642,81,1.54309018360092,3425510
"153","Festus Ezeli","GSW","C",6.95652173913043,5.58695652173913,0.695652173913043,0.391304347826087,1.08695652173913,-2.23913043478261,-1.34782608695652,-0.826086956521739,46,3.42332102556382,2008748
"154","Frank Kaminsky","CHO","C",7.48148148148148,4.1358024691358,1.20987654320988,0.469135802469136,0.530864197530864,-3.82716049382716,-0.493827160493827,-0.716049382716049,81,3.56331848459901,2612500
"155","Garrett Temple","WAS","SF",7.275,2.65,1.75,0.8625,0.225,-3.8,-0.425,-0.8,80,2.78237673571488,1100602
"156","Gary Harris","DEN","SG",12.2631578947368,2.89473684210526,1.93421052631579,1.27631578947368,0.236842105263158,-5.34210526315789,-0.315789473684211,-1.28947368421053,76,2.05528962483857,1587480
"157","Gary Neal","WAS","SG",9.75,2.075,1.175,0.5,0.025,-4.35,-0.2,-0.725,40,1.27908680153005,2100000
"158","George Hill","IND","PG",12.0810810810811,4.02702702702703,3.5,1.12162162162162,0.22972972972973,-5.58108108108108,-0.486486486486487,-1.36486486486486,74,4.63133017343229,8e+06
"159","Gerald Green","MIA","SG",8.92753623188406,2.36231884057971,0.811594202898551,0.550724637681159,0.27536231884058,-5.17391304347826,-0.289855072463768,-0.666666666666667,69,-0.934120363815861,1356000
"160","Gerald Henderson","POR","SG",8.66666666666667,2.93055555555556,1.04166666666667,0.541666666666667,0.263888888888889,-4.125,-0.472222222222222,-0.944444444444444,72,0.221366291478731,6e+06
"161","Giannis Antetokounmpo","MIL","PG",16.875,7.65,4.3125,1.175,1.4125,-6.25,-1.4125,-2.6,80,7.1066008359801,1953960
"162","Glenn Robinson","IND","SF",3.8,1.51111111111111,0.577777777777778,0.377777777777778,0.2,-1.91111111111111,-0.266666666666667,-0.4,45,1.37136077427227,845000
"163","Goran Dragic","MIA","PG",14.1388888888889,3.84722222222222,5.81944444444444,0.986111111111111,0.236111111111111,-6.36111111111111,-0.625,-2.56944444444444,72,5.15867655163713,14780000
"164","Gordon Hayward","UTA","SF",19.725,4.9625,3.7,1.1875,0.3375,-8.5125,-1.05,-2.525,80,8.16652383388809,15409570
"165","Gorgui Dieng","MIN","C",10.0853658536585,7.13414634146341,1.74390243902439,1.14634146341463,1.17073170731707,-3.30487804878049,-0.524390243902439,-1.70731707317073,82,7.17316797687864,1474440
"166","Greg Monroe","MIL","C",15.3164556962025,8.81012658227848,2.25316455696203,0.911392405063291,0.848101265822785,-5.69620253164557,-1.0126582278481,-1.63291139240506,79,9.21931226779291,16400000
"167","Greg Smith","MIN","PF",2.38888888888889,2.33333333333333,0.333333333333333,0.222222222222222,0.0555555555555556,-0.777777777777778,-0.555555555555556,-0.388888888888889,18,0.883074927594224,247623
"168","Greivis Vasquez","MIL","PG",5.65217391304348,2.04347826086957,3.95652173913043,0.434782608695652,0,-4.04347826086957,-0.173913043478261,-1.73913043478261,23,0.346816544254094,6600000
"169","Harrison Barnes","GSW","SF",11.7272727272727,4.92424242424242,1.77272727272727,0.621212121212121,0.151515151515152,-5.12121212121212,-0.484848484848485,-0.863636363636364,66,5.55482084960154,3873398
"170","Hassan Whiteside","MIA","C",14.2465753424658,11.8493150684932,0.410958904109589,0.602739726027397,3.68493150684932,-3.68493150684932,-1.57534246575342,-1.87671232876712,73,10.2247571720736,981348
"171","Henry Sims","BRK","C",6.5,5.14285714285714,0.642857142857143,0.642857142857143,1,-3.14285714285714,-0.357142857142857,-0.857142857142857,14,3.73707493637338,161622
"172","Hollis Thompson","PHI","SG",9.84415584415584,3.53246753246753,1.28571428571429,0.467532467532468,0.311688311688312,-5.32467532467532,-0.350649350649351,-0.987012987012987,77,-0.397660563163999,947276
"173","Ian Clark","GSW","SG",3.57575757575758,1.03030303030303,0.96969696969697,0.257575757575758,0.196969696969697,-1.71212121212121,-0.0909090909090909,-0.651515151515151,66,0.327528856084928,947276
"174","Ian Mahinmi","IND","C",9.29577464788732,7.14084507042254,1.46478873239437,0.915492957746479,1.05633802816901,-2.59154929577465,-1.30985915492958,-1.40845070422535,71,5.73187717950193,4e+06
"175","Iman Shumpert","CLE","SG",5.75925925925926,3.75925925925926,1.7037037037037,1,0.351851851851852,-3.53703703703704,-0.203703703703704,-1.05555555555556,54,-0.217098405369771,9e+06
"176","Isaiah Canaan","PHI","SG",10.987012987013,2.25974025974026,1.77922077922078,0.727272727272727,0.155844155844156,-6,-0.38961038961039,-1.18181818181818,77,-0.686448363177064,947276
"177","Isaiah Thomas","BOS","PG",22.2317073170732,2.96341463414634,6.20731707317073,1.10975609756098,0.109756097560976,-9.64634146341463,-0.853658536585366,-2.68292682926829,82,7.87918065784341,6912869
"178","Ish Smith","PHI","PG",14.66,4.26,6.96,1.28,0.36,-8.8,-0.88,-2.6,50,2.73535181258848,1100602
"179","J.J. Barea","DAL","PG",10.9189189189189,2.05405405405405,4.08108108108108,0.351351351351351,0.027027027027027,-5.32432432432432,-0.297297297297297,-1.52702702702703,74,3.54543062661907,4e+06
"180","J.J. Hickson","DEN","C",6.85,4.35,0.8,0.5,0.6,-2.7,-1.6,-0.8,20,2.06794425108992,5613500
"181","J.J. Hickson","WAS","C",4.6,3,0.466666666666667,0.333333333333333,0.133333333333333,-1.4,-1.66666666666667,-0.6,15,0.593278261592694,366337
"182","J.J. O'Brien","UTA","SF",0,0.5,0,0.5,0,-0.5,0,0,2,-0.293635458102526,105888
"183","J.J. Redick","LAC","SG",16.3466666666667,1.85333333333333,1.41333333333333,0.56,0.0666666666666667,-6.10666666666667,-0.306666666666667,-1.04,75,3.7204989757389,6867000
"184","J.R. Smith","CLE","SG",12.4025974025974,2.81818181818182,1.68831168831169,1.05194805194805,0.272727272727273,-6.45454545454545,-0.337662337662338,-0.766233766233766,77,0.430889939097091,5e+06
"185","Jabari Parker","MIL","PF",14.0789473684211,5.19736842105263,1.71052631578947,0.907894736842105,0.381578947368421,-6,-0.697368421052632,-1.52631578947368,76,5.91356322517444,5152440
"186","Jae Crowder","BOS","SF",14.2191780821918,5.10958904109589,1.84931506849315,1.72602739726027,0.479452054794521,-6.20547945205479,-0.589041095890411,-1.13698630136986,73,6.94512435257515,6e+06
"187","Jahlil Okafor","PHI","C",17.5094339622642,7.0377358490566,1.22641509433962,0.415094339622642,1.15094339622642,-7.24528301886792,-1.15094339622642,-2.33962264150943,53,8.28433094431794,4582680
"188","JaKarr Sampson","DEN","SF",5.15384615384615,2.34615384615385,0.615384615384615,0.461538461538462,0.653846153846154,-2.34615384615385,-0.269230769230769,-0.730769230769231,26,2.2441617466074,285489
"189","JaKarr Sampson","PHI","SF",5.1063829787234,2.74468085106383,0.638297872340426,0.234042553191489,0.340425531914894,-2.46808510638298,-0.74468085106383,-1.08510638297872,47,0.952080890788899,845059
"190","Jamal Crawford","LAC","SG",14.1772151898734,1.83544303797468,2.31645569620253,0.658227848101266,0.151898734177215,-7.08860759493671,-0.329113924050633,-1.43037974683544,79,0.303584800983743,5675000
"191","Jameer Nelson","DEN","PG",7.66666666666667,2.94871794871795,4.87179487179487,0.641025641025641,0.128205128205128,-4.97435897435897,-0.128205128205128,-1.69230769230769,39,1.78814277122176,4500000
"192","James Anderson","SAC","SG",3.50980392156863,1.68627450980392,0.803921568627451,0.411764705882353,0.274509803921569,-2.17647058823529,-0.137254901960784,-0.823529411764706,51,-0.584415366438879,1015421
"193","James Ennis","MEM","SF",1.6,0.7,0.2,0.4,0.2,-0.9,-0.4,-0.2,10,0.160031875904019,845059
"194","James Ennis","NOP","SF",15.8888888888889,3.88888888888889,2,1.33333333333333,0.333333333333333,-5.55555555555556,-0.555555555555556,-1.88888888888889,9,8.42919072383764,74564
"195","James Harden","HOU","SG",28.9756097560976,6.10975609756098,7.46341463414634,1.69512195121951,0.621951219512195,-11.0609756097561,-1.42682926829268,-4.5609756097561,82,5.49488210357207,15756438
"196","James Johnson","TOR","PF",5.03508771929825,2.21052631578947,1.17543859649123,0.508771929824561,0.578947368421053,-2.21052631578947,-0.508771929824561,-0.947368421052632,57,1.97727196686465,2500000
"197","James Jones","CLE","SF",3.70833333333333,1.04166666666667,0.291666666666667,0.229166666666667,0.208333333333333,-1.75,-0.104166666666667,-0.270833333333333,48,1.55621003269714,1499000
"198","James Michael McAdoo","GSW","PF",2.85365853658537,1.41463414634146,0.414634146341463,0.24390243902439,0.195121951219512,-0.951219512195122,-0.560975609756098,-0.390243902439024,41,1.04914184589543,845059
"199","James Young","BOS","SG",1,0.896551724137931,0.310344827586207,0.206896551724138,0.0344827586206897,-0.862068965517241,-0.103448275862069,-0.172413793103448,29,-0.529462008180741,1749840
"200","JaMychal Green","MEM","PF",7.41025641025641,4.78205128205128,0.858974358974359,0.58974358974359,0.423076923076923,-3.3974358974359,-0.435897435897436,-1.06410256410256,78,3.03537017652937,845059
"201","Jared Cunningham","MIL","SG",4,2.25,0.25,0.5,0,-2.5,-0.25,-0.75,4,-1.06638872319434,57726
"202","Jared Dudley","WAS","PF",7.87654320987654,3.53086419753086,2.09876543209877,0.925925925925926,0.222222222222222,-3.1358024691358,-0.320987654320988,-0.987654320987654,81,4.30993809910097,4250000
"203","Jared Sullinger","BOS","PF",10.2962962962963,8.30864197530864,2.30864197530864,0.925925925925926,0.580246913580247,-5.61728395061728,-0.716049382716049,-1.25925925925926,81,3.97004215896932,2269260
"204","Jarell Eddie","WAS","SF",2.42307692307692,0.884615384615385,0.192307692307692,0.192307692307692,0.0384615384615385,-1.73076923076923,0,-0.0384615384615385,26,0.539485582901464,561716
"205","Jarell Martin","MEM","PF",5.66666666666667,3.18518518518519,0.555555555555556,0.296296296296296,0.259259259259259,-2.2962962962963,-0.62962962962963,-0.703703703703704,27,2.12476719139054,1230840
"206","Jarrett Jack","BRK","PG",12.84375,4.25,7.375,1.0625,0.21875,-6.8125,-0.375,-2.9375,32,4.20951692412071,6300000
"207","Jason Smith","ORL","C",7.18421052631579,2.88157894736842,0.815789473684211,0.434210526315789,0.855263157894737,-3.40789473684211,-0.171052631578947,-0.75,76,4.04914654028848,4300000
"208","Jason Terry","HOU","SG",5.86111111111111,1.09722222222222,1.43055555555556,0.652777777777778,0.125,-3.125,-0.0833333333333333,-0.680555555555556,72,0.29044696455958,1499187
"209","Jason Thompson","GSW","C",2.14285714285714,1.92857142857143,0.678571428571429,0.142857142857143,0.285714285714286,-0.785714285714286,-0.428571428571429,-0.25,28,1.10439408330262,6431250
"210","Jason Thompson","TOR","C",4.57894736842105,4.21052631578947,0.526315789473684,0.421052631578947,0.631578947368421,-1.78947368421053,-0.210526315789474,-0.421052631578947,19,3.34985116503489,328955
"211","JaVale McGee","DAL","C",5.05882352941176,3.91176470588235,0.0882352941176471,0.147058823529412,0.764705882352941,-1.67647058823529,-0.529411764705882,-0.617647058823529,34,2.97462157502712,1270964
"212","Jeff Ayres","LAC","C",1.76470588235294,1.29411764705882,0.294117647058824,0,0.176470588235294,-0.647058823529412,0,-0.352941176470588,17,1.19417691091105,317232
"213","Jeff Green","LAC","SF",10.8518518518519,3.37037037037037,1.48148148148148,0.666666666666667,0.777777777777778,-5.66666666666667,-0.925925925925926,-0.888888888888889,27,3.29116576670535,9200000
"214","Jeff Teague","ATL","PG",15.6835443037975,2.70886075949367,5.94936708860759,1.22784810126582,0.30379746835443,-7.0126582278481,-0.645569620253165,-2.75949367088608,79,5.55389093411113,8e+06
"215","Jeff Withey","UTA","C",4.25490196078431,3.3921568627451,0.392156862745098,0.411764705882353,1.03921568627451,-1.47058823529412,-0.313725490196078,-0.549019607843137,51,3.09981616558667,947276
"216","Jerami Grant","PHI","SF",9.72727272727273,4.68831168831169,1.75324675324675,0.701298701298701,1.64935064935065,-4.51948051948052,-1.42857142857143,-1.42857142857143,77,3.10178913248291,845059
"217","Jeremy Evans","DAL","SF",2.36666666666667,1.8,0.0666666666666667,0.2,0.3,-0.733333333333333,-0.2,-0.233333333333333,30,1.42716387783312,1100602
"218","Jeremy Lamb","CHO","SG",8.78787878787879,3.81818181818182,1.16666666666667,0.636363636363636,0.454545454545455,-4.24242424242424,-0.363636363636364,-0.757575757575758,66,0.780310960365928,3034356
"219","Jeremy Lin","CHO","SG",11.7179487179487,3.24358974358974,3.01282051282051,0.743589743589744,0.538461538461538,-5.48717948717949,-0.692307692307692,-1.92307692307692,78,0.490897334010469,2100000
"220","Jerian Grant","NYK","PG",5.60526315789474,1.88157894736842,2.32894736842105,0.657894736842105,0.131578947368421,-3.11842105263158,-0.355263157894737,-1.14473684210526,76,1.18386822343469,1572360
"221","Jerryd Bayless","MIL","SG",10.4038461538462,2.71153846153846,3.13461538461538,0.903846153846154,0.211538461538462,-4.84615384615385,-0.384615384615385,-1.40384615384615,52,1.3212598809946,3e+06
"222","Jimmer Fredette","NOP","SG",0.5,0,0.25,0.25,0,-0.75,0,-0.25,4,-0.783658398322299,54812
"223","Jimmer Fredette","NYK","SG",3.5,0,0,0,0,0,-0.5,-0.5,2,1.70643444016813,59731
"224","Jimmy Butler","CHI","SG",20.8805970149254,5.34328358208955,4.7910447761194,1.64179104477612,0.641791044776119,-8.43283582089552,-1.19402985074627,-1.97014925373134,67,3.99737677236838,15260000
"225","Joakim Noah","CHI","C",4.27586206896552,8.79310344827586,3.79310344827586,0.620689655172414,1,-2.82758620689655,-0.793103448275862,-1.79310344827586,29,2.00126525219263,13400000
"226","Jodie Meeks","DET","SG",7.33333333333333,1.66666666666667,1,0,0,-4.33333333333333,0,-0.333333333333333,3,-0.509296379800173,6270000
"227","Joe Ingles","UTA","SF",4.22222222222222,1.8641975308642,1.18518518518519,0.679012345679012,0.0493827160493827,-2.06172839506173,-0.0617283950617284,-0.802469135802469,81,1.97327846589929,2250000
"228","Joe Johnson","BRK","SF",11.7719298245614,3.92982456140351,4.07017543859649,0.701754385964912,0.0350877192982456,-6.33333333333333,-0.280701754385965,-2.03508771929825,57,4.34551019996886,24894863
"229","Joe Johnson","MIA","SF",13.375,2.83333333333333,3.58333333333333,0.875,0.0833333333333333,-5.04166666666667,-0.333333333333333,-1.79166666666667,24,7.22648049463827,414481
"230","Joel Anthony","DET","C",0.947368421052632,1.10526315789474,0.0526315789473684,0.105263157894737,0.631578947368421,-0.210526315789474,-0.105263157894737,-0.105263157894737,19,1.01049496829251,2500000
"231","Joffrey Lauvergne","DEN","C",7.88135593220339,4.91525423728814,0.949152542372881,0.220338983050847,0.254237288135593,-3.13559322033898,-0.11864406779661,-0.915254237288136,59,4.96241293813983,1709720
"232","John Henson","MIL","C",6.96491228070175,3.87719298245614,0.947368421052632,0.315789473684211,1.91228070175439,-2.2280701754386,-0.842105263157895,-1.12280701754386,57,4.2625804145656,2943221
"233","John Jenkins","PHO","SG",4.95454545454545,1.59090909090909,1.18181818181818,0.227272727272727,0.0454545454545455,-2.18181818181818,-0.136363636363636,-0.727272727272727,22,0.689496308087941,981000
"234","John Wall","WAS","PG",19.8831168831169,4.92207792207792,10.2467532467532,1.88311688311688,0.766233766233766,-10.0909090909091,-0.935064935064935,-4.12987012987013,77,6.44966690650762,15851950
"235","Johnny O'Bryant","MIL","PF",3.03030303030303,2.66666666666667,0.484848484848485,0.272727272727273,0.121212121212121,-1.86363636363636,-0.196969696969697,-0.46969696969697,66,0.818956461807409,845059
"236","Jon Leuer","PHO","PF",8.46268656716418,5.56716417910448,1.07462686567164,0.567164179104478,0.447761194029851,-3.61194029850746,-0.358208955223881,-1.11940298507463,67,4.0053894474085,1035000
"237","Jonas Jerebko","BOS","PF",4.35897435897436,3.69230769230769,0.794871794871795,0.256410256410256,0.307692307692308,-2.15384615384615,-0.217948717948718,-0.666666666666667,78,1.86893339338346,5e+06
"238","Jonas Valanciunas","TOR","C",12.8,9.11666666666667,0.7,0.416666666666667,1.33333333333333,-3.88333333333333,-0.85,-1.41666666666667,60,8.61196988889339,4660482
"239","Jonathon Simmons","SAS","SG",6.01818181818182,1.74545454545455,1.05454545454545,0.436363636363636,0.0909090909090909,-2.18181818181818,-0.418181818181818,-0.963636363636364,55,0.988594716066518,525093
"240","Jordan Adams","MEM","SG",3.5,1,1.5,1.5,0,-2,-1,-1,2,-1.49034315286069,1404600
"241","Jordan Clarkson","LAL","SG",15.506329113924,3.9620253164557,2.43037974683544,1.11392405063291,0.0886075949367089,-7.88607594936709,-0.506329113924051,-1.70886075949367,79,0.14470515586858,845059
"242","Jordan Farmar","MEM","PG",9.16666666666667,2.08333333333333,3.08333333333333,1.25,0.166666666666667,-4.83333333333333,0,-1.5,12,3.13084001765598,191456
"243","Jordan Hamilton","NOP","SF",11.3636363636364,5.63636363636364,2.27272727272727,0.727272727272727,0.272727272727273,-6.09090909090909,-0.636363636363636,-1.54545454545455,11,3.7353232301365,119462
"244","Jordan Hill","IND","C",8.83561643835616,6.17808219178082,1.19178082191781,0.493150684931507,0.506849315068493,-3.71232876712329,-0.493150684931507,-1.26027397260274,73,4.93564355937921,4e+06
"245","Jordan McRae","CLE","PG",4.13333333333333,0.8,1,0,0.0666666666666667,-1.93333333333333,-0.266666666666667,-0.6,15,0.914648664482873,172972
"246","Jordan McRae","PHO","PG",5.28571428571429,1.14285714285714,1.42857142857143,0.428571428571429,0,-2.14285714285714,-0.428571428571429,-0.857142857142857,7,1.63645943581504,61776
"247","Jordan Mickey","BOS","PF",1.3125,0.8125,0.0625,0,0.6875,-0.875,-0.3125,-0.0625,16,0.183263332292948,1200000
"248","Jorge Gutierrez","CHO","PG",1.83333333333333,0.583333333333333,1.41666666666667,0.25,0,-0.416666666666667,-0.0833333333333333,-0.5,12,1.40509100250613,301444
"249","Jose Calderon","NYK","PG",7.55555555555556,3.18055555555556,4.15277777777778,0.875,0.0972222222222222,-3.41666666666667,-0.0833333333333333,-1.20833333333333,72,4.05676490398103,7402812
"250","Josh Huestis","OKC","PF",2.8,2,0,0.2,0.4,-1.4,-0.8,-0.6,5,0.0338554741618387,1140240
"251","Josh McRoberts","MIA","PF",3.57142857142857,2.5,1.92857142857143,0.428571428571429,0.166666666666667,-2.21428571428571,-0.285714285714286,-0.714285714285714,42,1.24981908797689,5543725
"252","Josh Richardson","MIA","SG",6.55769230769231,2.05769230769231,1.40384615384615,0.692307692307692,0.480769230769231,-2.86538461538462,-0.403846153846154,-0.673076923076923,52,1.00698904867855,525093
"253","Josh Smith","HOU","PF",6.56521739130435,2.91304347826087,2.08695652173913,0.695652173913043,0.565217391304348,-4.82608695652174,-0.565217391304348,-1.56521739130435,23,0.446739625596388,1499000
"254","Jrue Holiday","NOP","PG",16.7538461538462,3,6.01538461538462,1.35384615384615,0.338461538461538,-8.07692307692308,-0.523076923076923,-2.56923076923077,65,5.64764394931608,10595507
"255","Julius Randle","LAL","PF",11.3456790123457,10.2345679012346,1.77777777777778,0.654320987654321,0.358024691358025,-5.88888888888889,-0.950617283950617,-1.83950617283951,81,3.75255698795761,3132240
"256","Justin Anderson","DAL","SF",3.78181818181818,2.4,0.527272727272727,0.345454545454545,0.454545454545455,-1.89090909090909,-0.2,-0.436363636363636,55,1.6507021665945,1449000
"257","Justin Harper","DET","PF",2.6,0.2,0,0.2,0,-1.2,-0.2,-0.4,5,0.551009814759819,99418
"258","Justin Holiday","CHI","SG",6.51851851851852,2.33333333333333,1.66666666666667,0.703703703703704,0.555555555555556,-3.37037037037037,-0.185185185185185,-0.962962962962963,27,0.521653584585514,947300
"259","Justise Winslow","MIA","SF",6.43589743589744,5.16666666666667,1.5,0.871794871794872,0.333333333333333,-3.42307692307692,-0.474358974358974,-1.21794871794872,78,2.39608667699902,2481720
"260","Jusuf Nurkic","DEN","C",8.21875,5.46875,1.25,0.75,1.375,-4.40625,-1.1875,-1.71875,32,2.50662856796988,1842000
"261","K.J. McDaniels","HOU","SF",2.40540540540541,1.13513513513514,0.27027027027027,0.189189189189189,0.162162162162162,-1.16216216216216,-0.162162162162162,-0.459459459459459,37,0.761407752578722,3333333
"262","Karl-Anthony Towns","MIN","C",18.3292682926829,10.4512195121951,1.96341463414634,0.707317073170732,1.68292682926829,-6.4390243902439,-0.634146341463415,-2.23170731707317,82,12.1079272543465,5703600
"263","Kawhi Leonard","SAS","SF",21.1527777777778,6.84722222222222,2.58333333333333,1.77777777777778,0.986111111111111,-7.48611111111111,-0.583333333333333,-1.45833333333333,72,12.5706717493269,16500000
"264","Keith Appling","ORL","PG",1.2,0.2,0.2,0.2,0,-1.2,0,-0.6,5,-0.781212336574029,161776
"265","Kelly Olynyk","BOS","C",9.95652173913044,4.07246376811594,1.52173913043478,0.753623188405797,0.478260869565217,-4.39130434782609,-0.463768115942029,-1.07246376811594,69,5.40182318299213,2165160
"266","Kelly Oubre","WAS","SF",3.74603174603175,2.11111111111111,0.206349206349206,0.349206349206349,0.111111111111111,-1.92063492063492,-0.285714285714286,-0.53968253968254,63,1.07764328557181,1920240
"267","Kemba Walker","CHO","PG",20.8518518518519,4.40740740740741,5.19753086419753,1.55555555555556,0.481481481481481,-9.41975308641975,-0.827160493827161,-2.11111111111111,81,7.60182274978006,1.2e+07
"268","Kendall Marshall","PHI","PG",3.7,0.933333333333333,2.43333333333333,0.533333333333333,0.0666666666666667,-2.5,-0.133333333333333,-1.43333333333333,30,0.151702104777153,2144722
"269","Kendrick Perkins","NOP","C",2.45945945945946,3.45945945945946,0.837837837837838,0.297297297297297,0.297297297297297,-0.945945945945946,-0.378378378378378,-1.10810810810811,37,1.07515668460877,1499200
"270","Kenneth Faried","DEN","PF",12.4626865671642,8.67164179104478,1.17910447761194,0.477611940298507,0.895522388059702,-4.13432835820895,-1.28358208955224,-1.35820895522388,67,6.27732338616151,11235955
"271","Kent Bazemore","ATL","SF",11.6266666666667,5.05333333333333,2.28,1.30666666666667,0.506666666666667,-5.4,-0.373333333333333,-1.84,75,5.21903208088624,2e+06
"272","Kentavious Caldwell-Pope","DET","SG",14.5394736842105,3.71052631578947,1.81578947368421,1.44736842105263,0.223684210526316,-7.32894736842105,-0.565789473684211,-1.38157894736842,76,0.293682937160092,2891760
"273","Kevin Durant","OKC","SF",28.1805555555556,8.18055555555556,5.01388888888889,0.958333333333333,1.18055555555556,-9.48611111111111,-0.708333333333333,-3.47222222222222,72,16.1017494116645,20158622
"274","Kevin Garnett","MIN","PF",3.21052631578947,3.94736842105263,1.63157894736842,0.736842105263158,0.263157894736842,-1.60526315789474,-0.184210526315789,-0.421052631578947,38,2.26533281134372,8500000
"275","Kevin Love","CLE","PF",16.025974025974,9.8961038961039,2.41558441558442,0.753246753246753,0.532467532467532,-7.37662337662338,-0.727272727272727,-1.84415584415584,77,6.85868931104058,19500000
"276","Kevin Martin","MIN","SG",10.6410256410256,2.07692307692308,1.17948717948718,0.435897435897436,0.0256410256410256,-5.33333333333333,-0.435897435897436,-1.05128205128205,39,-0.323832033153104,7085000
"277","Kevin Martin","SAS","SG",6.1875,1.8125,0.75,0.5625,0.125,-3.4375,-0.125,-0.8125,16,-0.335879240235881,317475
"278","Kevin Seraphin","NYK","C",3.89583333333333,2.625,0.979166666666667,0.166666666666667,0.75,-2.52083333333333,-0.0833333333333333,-0.895833333333333,48,1.59954892841859,2800000
"279","Kevon Looney","GSW","PF",1.8,2,0,0,0,-0.6,0,-0.2,5,1.10983507560846,1131960
"280","Khris Middleton","MIL","SG",18.1518987341772,3.82278481012658,4.18987341772152,1.65822784810127,0.240506329113924,-8.0379746835443,-0.443037974683544,-2.27848101265823,79,2.91000654311911,1.5e+07
"281","Kirk Hinrich","ATL","PG",0.454545454545455,1.09090909090909,1.27272727272727,0.181818181818182,0.0909090909090909,-0.818181818181818,0,-0.272727272727273,11,-0.0481146572808406,2870000
"282","Klay Thompson","GSW","SG",22.1375,3.825,2.075,0.75,0.6125,-9.1875,-0.35,-1.725,80,3.85616377718096,15500000
"283","Kobe Bryant","LAL","SF",17.5909090909091,3.74242424242424,2.78787878787879,0.939393939393939,0.196969696969697,-10.8333333333333,-0.742424242424242,-1.95454545454545,66,3.53350946324443,2.5e+07
"284","Kosta Koufos","SAC","C",6.78205128205128,5.42307692307692,0.423076923076923,0.512820512820513,0.897435897435897,-2.66666666666667,-0.602564102564103,-0.615384615384615,78,4.12307525663224,7500000
"285","Kostas Papanikolaou","DEN","SF",2.57692307692308,1.53846153846154,0.615384615384615,0.5,0.192307692307692,-1.61538461538462,-0.192307692307692,-0.807692307692308,26,0.434358319015876,350000
"286","Kris Humphries","ATL","PF",6.38095238095238,3.38095238095238,0.619047619047619,0.476190476190476,0.333333333333333,-2.57142857142857,-0.619047619047619,-0.666666666666667,21,2.66903579148625,388025
"287","Kris Humphries","PHO","PF",7.25,8,1.75,0.75,0.5,-6.5,-0.5,-1,4,0.346136587772588,4600000
"288","Kristaps Porzingis","NYK","PF",14.2777777777778,7.30555555555556,1.29166666666667,0.736111111111111,1.86111111111111,-7.125,-0.541666666666667,-1.68055555555556,72,5.66365483991792,4131720
"289","Kyle Anderson","SAS","SF",4.48717948717949,3.12820512820513,1.57692307692308,0.769230769230769,0.371794871794872,-2.01282051282051,-0.269230769230769,-0.756410256410256,78,2.5341933941988,1142879
"290","Kyle Korver","ATL","SG",9.2375,3.25,2.05,0.75,0.4375,-4.35,-0.1125,-1.225,80,1.45798172264723,5746479
"291","Kyle Lowry","TOR","PG",21.2207792207792,4.74025974025974,6.41558441558442,2.05194805194805,0.441558441558442,-8.90909090909091,-1.20779220779221,-2.92207792207792,77,8.10617805788554,1.2e+07
"292","Kyle O'Quinn","NYK","PF",4.75384615384615,3.84615384615385,1.10769230769231,0.307692307692308,0.753846153846154,-2.18461538461538,-0.215384615384615,-0.938461538461538,65,2.36547976244159,3750000
"293","Kyle Singler","OKC","SF",3.39705882352941,2.07352941176471,0.352941176470588,0.441176470588235,0.132352941176471,-1.98529411764706,-0.220588235294118,-0.470588235294118,68,0.917649463758198,5e+06
"294","Kyrie Irving","CLE","PG",19.6415094339623,2.9622641509434,4.69811320754717,1.05660377358491,0.339622641509434,-9.15094339622642,-0.415094339622642,-2.33962264150943,53,6.55620885105075,14746000
"295","Lamar Patterson","ATL","SG",2.4,1.42857142857143,1.11428571428571,0.257142857142857,0.0571428571428571,-1.48571428571429,-0.171428571428571,-0.657142857142857,35,-0.406155585946333,525093
"296","LaMarcus Aldridge","SAS","PF",17.9864864864865,8.54054054054054,1.48648648648649,0.513513513513513,1.09459459459459,-6.87837837837838,-0.581081081081081,-1.33783783783784,74,9.25969691055225,19500000
"297","Lance Stephenson","MEM","SF",14.1923076923077,4.42307692307692,2.80769230769231,0.730769230769231,0.230769230769231,-6.23076923076923,-0.576923076923077,-1.76923076923077,26,6.18515488358809,9e+06
"298","Lance Thomas","NYK","PF",8.20338983050847,2.22033898305085,0.898305084745763,0.372881355932203,0.11864406779661,-3.61016949152542,-0.288135593220339,-0.966101694915254,59,3.1290828903094,1650000
"299","Langston Galloway","NYK","PG",7.6219512195122,3.51219512195122,2.52439024390244,0.939024390243902,0.268292682926829,-4.35365853658537,-0.341463414634146,-0.74390243902439,82,2.32038655769474,845059
"300","Larry Nance Jr.","LAL","PF",5.53968253968254,4.95238095238095,0.698412698412698,0.857142857142857,0.365079365079365,-2.25396825396825,-0.238095238095238,-0.650793650793651,63,3.27916088263956,1155600
"301","Lavoy Allen","IND","PF",5.41772151898734,5.36708860759494,0.962025316455696,0.329113924050633,0.531645569620253,-2.26582278481013,-0.341772151898734,-0.873417721518987,79,2.84506548938026,3700000
"302","Leandro Barbosa","GSW","SG",6.36764705882353,1.72058823529412,1.20588235294118,0.647058823529412,0.147058823529412,-2.92647058823529,-0.147058823529412,-0.779411764705882,68,0.880259488225945,2500000
"303","LeBron James","CLE","SF",25.2631578947368,7.43421052631579,6.76315789473684,1.36842105263158,0.644736842105263,-8.93421052631579,-1.73684210526316,-3.27631578947368,76,13.1951719221998,22971000
"304","Lorenzo Brown","PHO","PG",2.5,0.875,1.375,0.375,0.125,-2.125,-0.125,-1.125,8,-0.700919585678448,111444
"305","Lou Amundson","NYK","PF",1.79310344827586,1.68965517241379,0.413793103448276,0.206896551724138,0.241379310344828,-1.17241379310345,-0.448275862068966,-0.517241379310345,29,-0.0371844550741127,1650000
"306","Lou Williams","LAL","SG",15.3432835820896,2.52238805970149,2.49253731343284,0.925373134328358,0.283582089552239,-6.11940298507463,-1.07462686567164,-1.59701492537313,67,1.7374269577594,7e+06
"307","Luc Mbah a Moute","LAC","PF",3.08,2.28,0.4,0.586666666666667,0.253333333333333,-1.50666666666667,-0.36,-0.453333333333333,75,1.17718512199738,1270964
"308","Lucas Nogueira","TOR","C",2.24137931034483,1.58620689655172,0.241379310344828,0.413793103448276,0.413793103448276,-0.551724137931034,-0.241379310344828,-0.379310344827586,29,1.67244636364585,1842000
"309","Luis Montero","POR","SG",1.16666666666667,0.333333333333333,0.0833333333333333,0,0,-1.16666666666667,-0.0833333333333333,-0.333333333333333,12,-1.2670986186494,525093
"310","Luis Scola","TOR","PF",8.73684210526316,4.73684210526316,0.868421052631579,0.605263157894737,0.355263157894737,-4.32894736842105,-0.302631578947368,-0.894736842105263,76,3.43959093660613,3e+06
"311","Luke Babbitt","NOP","SF",6.95744680851064,3.14893617021277,1.12765957446809,0.234042553191489,0.148936170212766,-3.5531914893617,-0.234042553191489,-0.48936170212766,47,2.81031278758381,1100000
"312","Luol Deng","MIA","PF",12.3108108108108,5.98648648648649,1.89189189189189,1,0.391891891891892,-5.48648648648649,-0.635135135135135,-1.09459459459459,74,5.5503845904384,10151612
"313","Manu Ginobili","SAS","SG",9.56896551724138,2.51724137931034,3.05172413793103,1.13793103448276,0.189655172413793,-4.10344827586207,-0.362068965517241,-1.70689655172414,58,1.71637660986708,2814000
"314","Marc Gasol","MEM","C",16.5576923076923,6.96153846153846,3.76923076923077,0.961538461538462,1.34615384615385,-7.28846153846154,-0.807692307692308,-2.26923076923077,52,9.11620572934284,19700000
"315","Marcelo Huertas","LAL","PG",4.47169811320755,1.69811320754717,3.43396226415094,0.490566037735849,0.132075471698113,-2.50943396226415,-0.0377358490566038,-1.50943396226415,53,1.50295471592932,525093
"316","Marcin Gortat","WAS","C",13.4933333333333,9.88,1.41333333333333,0.626666666666667,1.28,-4.41333333333333,-0.813333333333333,-1.61333333333333,75,9.09273121366886,11217391
"317","Marco Belinelli","SAC","SG",10.2352941176471,1.72058823529412,1.86764705882353,0.544117647058823,0.0294117647058824,-5.73529411764706,-0.338235294117647,-1.17647058823529,68,-0.975829000172266,6333333
"318","Marcus Morris","DET","SF",14.1375,5.05,2.5125,0.8375,0.2875,-6.6875,-0.85,-1.75,80,5.25448246752967,5e+06
"319","Marcus Smart","BOS","PG",9.14754098360656,4.18032786885246,3.0327868852459,1.49180327868852,0.295081967213115,-5.65573770491803,-0.60655737704918,-1.31147540983607,61,1.69561758423422,3431040
"320","Marcus Thornton","HOU","SG",10.0425531914894,2.4468085106383,1.40425531914894,0.723404255319149,0.0638297872340425,-5.5531914893617,-0.148936170212766,-0.851063829787234,47,-0.20817893842199,1186000
"321","Marcus Thornton","WAS","SG",8.42857142857143,2.5,1.35714285714286,0.928571428571429,0.0714285714285714,-4.64285714285714,-0.357142857142857,-0.785714285714286,14,-0.34058795009985,251107
"322","Mario Chalmers","MEM","PG",10.8181818181818,2.6,3.83636363636364,1.45454545454545,0.218181818181818,-4.36363636363636,-0.781818181818182,-1.83636363636364,55,4.26696589753775,4300000
"323","Mario Hezonja","ORL","SF",6.05063291139241,2.22784810126582,1.37974683544304,0.493670886075949,0.215189873417722,-3,-0.0632911392405063,-1.22784810126582,79,2.39468344877983,3741480
"324","Markel Brown","BRK","SG",5.85483870967742,1.96774193548387,1.46774193548387,0.612903225806452,0.241935483870968,-3.14516129032258,-0.370967741935484,-0.870967741935484,62,-0.270352033670217,845059
"325","Markieff Morris","WAS","PF",12.4074074074074,5.85185185185185,1.37037037037037,0.925925925925926,0.62962962962963,-5.66666666666667,-0.481481481481481,-1.66666666666667,27,5.07815650711202,8e+06
"326","Marreese Speights","GSW","C",7.11111111111111,3.31944444444444,0.847222222222222,0.263888888888889,0.472222222222222,-3.59722222222222,-0.277777777777778,-0.916666666666667,72,3.28127247203751,3815000
"327","Marvin Williams","CHO","PF",11.7037037037037,6.4320987654321,1.35802469135802,0.716049382716049,0.950617283950617,-5.04938271604938,-0.296296296296296,-0.765432098765432,81,6.14926246067743,7e+06
"328","Mason Plumlee","POR","C",9.13414634146342,7.65853658536585,2.75609756097561,0.829268292682927,1.03658536585366,-3.04878048780488,-1.46341463414634,-1.8780487804878,82,4.92187538118359,1415520
"329","Matt Barnes","MEM","SF",9.97368421052632,5.52631578947368,2.14473684210526,1.02631578947368,0.75,-5.64473684210526,-0.355263157894737,-1.59210526315789,76,3.55694044276515,3542500
"330","Matt Bonner","SAS","C",2.53333333333333,0.9,0.3,0.2,0.0333333333333333,-0.933333333333333,-0.0333333333333333,-0.1,30,1.75347384772682,1499187
"331","Matthew Dellavedova","CLE","PG",7.48684210526316,2.13157894736842,4.43421052631579,0.578947368421053,0.118421052631579,-4,-0.118421052631579,-1.52631578947368,76,2.71806414014384,1147280
"332","Maurice Harkless","POR","SF",6.38461538461539,3.58974358974359,0.858974358974359,0.628205128205128,0.448717948717949,-2.76923076923077,-0.538461538461538,-0.794871794871795,78,2.76691690057242,2894059
"333","Metta World Peace","LAL","SF",5.02857142857143,2.54285714285714,0.771428571428571,0.628571428571429,0.314285714285714,-3.48571428571429,-0.485714285714286,-0.428571428571429,35,0.724999626063141,1499187
"334","Meyers Leonard","POR","PF",8.37704918032787,5.14754098360656,1.50819672131148,0.131147540983607,0.295081967213115,-3.9344262295082,-0.180327868852459,-1.26229508196721,61,3.52133260180521,3075880
"335","Michael Beasley","HOU","SF",12.75,4.9,0.8,0.55,0.45,-4.9,-0.55,-1.2,20,6.12284424749313,306527
"336","Michael Carter-Williams","MIL","PG",11.537037037037,5.11111111111111,5.2037037037037,1.48148148148148,0.759259259259259,-5.62962962962963,-1.03703703703704,-2.83333333333333,54,3.22653541848809,2399040
"337","Michael Kidd-Gilchrist","CHO","SF",12.7142857142857,6.42857142857143,1.28571428571429,0.428571428571429,0.428571428571429,-4,-1.28571428571429,-1.14285714285714,7,6.50457438419307,6331404
"338","Mike Conley","MEM","PG",15.3035714285714,2.92857142857143,6.10714285714286,1.19642857142857,0.285714285714286,-7.17857142857143,-0.678571428571429,-1.5,56,6.09838071058301,9588426
"339","Mike Dunleavy","CHI","SF",7.16129032258065,2.67741935483871,1.25806451612903,0.451612903225806,0.32258064516129,-3.58064516129032,-0.258064516129032,-0.838709677419355,31,2.81101211898539,4500000
"340","Mike Miller","DEN","SF",1.34042553191489,1.12765957446809,0.851063829787234,0.276595744680851,0.0851063829787234,-0.851063829787234,0,-0.361702127659574,47,0.673105561766234,1499187
"341","Mike Muscala","ATL","C",3.25,1.95,0.566666666666667,0.216666666666667,0.45,-1.26666666666667,-0.133333333333333,-0.45,60,2.14487100600724,947276
"342","Mike Scott","ATL","PF",6.18666666666667,2.74666666666667,1.04,0.333333333333333,0.226666666666667,-2.66666666666667,-0.173333333333333,-0.56,75,2.9992505415724,3333333
"343","Miles Plumlee","MIL","C",5.14754098360656,3.80327868852459,0.262295081967213,0.344262295081967,0.819672131147541,-1.52459016393443,-0.409836065573771,-0.655737704918033,61,3.56008999659046,2109294
"344","Mirza Teletovic","PHO","PF",12.2151898734177,3.82278481012658,1.12658227848101,0.40506329113924,0.265822784810127,-5.63291139240506,-0.443037974683544,-1.06329113924051,79,4.58131985763506,5500000
"345","Mitch McGary","OKC","PF",1.3,0.9,0.15,0.05,0.1,-0.6,-0.3,-0.35,20,0.111530589614513,1463040
"346","Mo Williams","CLE","PG",8.24390243902439,1.75609756097561,2.39024390243902,0.341463414634146,0.121951219512195,-4.14634146341463,-0.0975609756097561,-1.39024390243902,41,2.3213390929335,2100000
"347","Monta Ellis","IND","SG",13.8395061728395,3.34567901234568,4.72839506172839,1.85185185185185,0.45679012345679,-7.22222222222222,-0.54320987654321,-2.50617283950617,81,0.504258963337959,10300000
"348","Montrezl Harrell","HOU","PF",3.58974358974359,1.66666666666667,0.435897435897436,0.282051282051282,0.282051282051282,-0.82051282051282,-0.564102564102564,-0.435897435897436,39,1.92067060333219,1e+06
"349","Myles Turner","IND","C",10.3166666666667,5.53333333333333,0.683333333333333,0.416666666666667,1.43333333333333,-4.43333333333333,-0.55,-1.11666666666667,60,5.80259935532505,2357760
"350","Nate Robinson","NOP","PG",0,0,2,0.5,0,-0.5,0,0,2,0.442648464884887,44000
"351","Nazr Mohammed","OKC","C",1.6,0.8,0,0,0,-0.4,0,-0.6,5,0.839452053279495,352750
"352","Nemanja Bjelica","MIN","PF",5.13333333333333,3.5,1.38333333333333,0.433333333333333,0.35,-2.08333333333333,-0.25,-0.783333333333333,60,2.81713514708567,4e+06
"353","Nene Hilario","WAS","PF",9.21052631578947,4.54385964912281,1.70175438596491,0.947368421052632,0.456140350877193,-3.07017543859649,-1.36842105263158,-1.33333333333333,57,4.06159951046047,1.3e+07
"354","Nerlens Noel","PHI","C",11.1492537313433,8.08955223880597,1.82089552238806,1.76119402985075,1.49253731343284,-4.19402985074627,-1.38805970149254,-2.35820895522388,67,5.94706694944272,3457800
"355","Nick Collison","OKC","PF",2.08474576271186,2.89830508474576,0.88135593220339,0.254237288135593,0.271186440677966,-1,-0.169491525423729,-0.847457627118644,59,0.966920142676011,3750000
"356","Nick Young","LAL","SG",7.25925925925926,1.7962962962963,0.62962962962963,0.425925925925926,0.12962962962963,-4.55555555555556,-0.240740740740741,-0.555555555555556,54,-1.44338050901984,5219169
"357","Nicolas Batum","CHO","SF",14.9428571428571,6.11428571428571,5.75714285714286,0.928571428571429,0.614285714285714,-7.15714285714286,-0.414285714285714,-2.92857142857143,70,6.86661881007211,12235750
"358","Nik Stauskas","PHI","SG",8.45205479452055,2.50684931506849,1.89041095890411,0.602739726027397,0.273972602739726,-4.58904109589041,-0.36986301369863,-1.28767123287671,73,-0.483616124213117,2869440
"359","Nikola Jokic","DEN","C",9.95,7,2.3625,0.9875,0.625,-3.6625,-0.45,-1.3,80,6.93825646139102,1300000
"360","Nikola Mirotic","CHI","PF",11.7727272727273,5.48484848484848,1.51515151515152,0.878787878787879,0.696969696969697,-5.46969696969697,-0.53030303030303,-1.54545454545455,66,4.75844957763301,5543725
"361","Nikola Pekovic","MIN","C",4.5,1.75,0.916666666666667,0.0833333333333333,0,-2.58333333333333,-0.333333333333333,-0.75,12,1.23237699164177,12100000
"362","Nikola Vucevic","ORL","C",18.1692307692308,8.86153846153846,2.75384615384615,0.815384615384615,1.07692307692308,-7.89230769230769,-0.569230769230769,-1.89230769230769,65,10.5663303088,11250000
"363","Noah Vonleh","POR","PF",3.62820512820513,3.91025641025641,0.384615384615385,0.346153846153846,0.333333333333333,-2.06410256410256,-0.166666666666667,-0.641025641025641,78,1.33613829415271,2637720
"364","Norman Powell","TOR","SG",5.57142857142857,2.26530612244898,0.959183673469388,0.591836734693878,0.204081632653061,-2.69387755102041,-0.204081632653061,-0.653061224489796,49,0.540060074066646,650000
"365","Norris Cole","NOP","PG",10.6,3.35555555555556,3.71111111111111,0.822222222222222,0.111111111111111,-6.4,-0.288888888888889,-1.66666666666667,45,2.02394449792854,3036927
"366","O.J. Mayo","MIL","SG",7.82926829268293,2.5609756097561,2.8780487804878,1.17073170731707,0.195121951219512,-4.92682926829268,-0.219512195121951,-1.75609756097561,41,-0.981391515292222,8e+06
"367","Omer Asik","NOP","C",3.95588235294118,6.08823529411765,0.382352941176471,0.308823529411765,0.338235294117647,-1.33823529411765,-0.75,-0.882352941176471,68,1.98000545257856,1.1e+07
"368","Omri Casspi","SAC","SF",11.7826086956522,5.94202898550725,1.3768115942029,0.811594202898551,0.246376811594203,-4.68115942028986,-0.811594202898551,-1.36231884057971,69,5.40041428610415,3e+06
"369","Orlando Johnson","NOP","SG",2,1.2,0.4,0.2,0,-2.6,-0.2,-0.6,5,-3.01416099825798,55722
"370","Orlando Johnson","PHO","SG",8,4.5,0,1,1.5,-6,-0.5,-0.5,2,-2.72467700774132,55722
"371","Otto Porter","WAS","SF",11.6133333333333,5.21333333333333,1.6,1.4,0.426666666666667,-5.04,-0.413333333333333,-0.933333333333333,75,6.01437546771067,4662960
"372","P.J. Hairston","MEM","SF",6.88888888888889,2.55555555555556,0.5,0.444444444444444,0.222222222222222,-4.77777777777778,-0.333333333333333,-0.944444444444444,18,0.575165266770215,1201440
"373","P.J. Tucker","PHO","SF",7.95121951219512,6.24390243902439,2.15853658536585,1.29268292682927,0.24390243902439,-4.18292682926829,-0.439024390243902,-1.35365853658537,82,3.47739001760564,5500000
"374","Pablo Prigioni","LAC","PG",2.45762711864407,1.93220338983051,2.20338983050847,0.898305084745763,0.0169491525423729,-1.55932203389831,-0.0169491525423729,-0.830508474576271,59,1.15933733168865,981348
"375","Pat Connaughton","POR","SG",1.05882352941176,0.941176470588235,0.294117647058824,0.0588235294117647,0,-1.05882352941176,0,-0.294117647058824,34,-0.78209507274799,525093
"376","Patrick Beverley","HOU","PG",9.85915492957746,3.52112676056338,3.36619718309859,1.32394366197183,0.366197183098592,-4.73239436619718,-0.394366197183099,-1.28169014084507,71,3.93435885990142,6500000
"377","Patrick Mills","SAS","PG",8.51851851851852,1.95061728395062,2.79012345679012,0.728395061728395,0.0740740740740741,-4.34567901234568,-0.135802469135802,-0.938271604938272,81,3.00749409728446,3578947
"378","Patrick Patterson","TOR","PF",6.87341772151899,4.32911392405063,1.18987341772152,0.670886075949367,0.40506329113924,-3.65822784810127,-0.0632911392405063,-0.822784810126582,79,3.01603535596401,6268675
"379","Pau Gasol","CHI","C",16.4861111111111,11.0138888888889,4.08333333333333,0.583333333333333,2.02777777777778,-7.33333333333333,-0.833333333333333,-2.27777777777778,72,9.86307630978368,7448760
"380","Paul George","IND","SF",23.1358024691358,6.95061728395062,4.06172839506173,1.87654320987654,0.358024691358025,-10.4197530864198,-0.91358024691358,-3.2716049382716,81,9.56389201234166,17120106
"381","Paul Millsap","ATL","PF",17.0987654320988,9.03703703703704,3.2716049382716,1.81481481481481,1.71604938271605,-6.97530864197531,-1.22222222222222,-2.35802469135802,81,8.48483448951528,1.9e+07
"382","Paul Pierce","LAC","SF",6.13235294117647,2.73529411764706,1.04411764705882,0.485294117647059,0.25,-3.72058823529412,-0.176470588235294,-0.852941176470588,68,1.68650250453081,3400000
"383","Phil Pressey","PHI","PG",3.92857142857143,1.64285714285714,3.28571428571429,0.785714285714286,0.0714285714285714,-2.42857142857143,-0.642857142857143,-1.35714285714286,14,0.310588750337658,172739
"384","Phil Pressey","PHO","PG",2.44444444444444,0.888888888888889,3.22222222222222,0.777777777777778,0.333333333333333,-1.55555555555556,-0.333333333333333,-1.55555555555556,9,0.381282532324857,111444
"385","Quincy Acy","SAC","PF",5.20338983050847,3.1864406779661,0.457627118644068,0.491525423728814,0.406779661016949,-1.61016949152542,-0.305084745762712,-0.457627118644068,59,3.20919075814231,981348
"386","R.J. Hunter","BOS","SG",2.69444444444444,1.02777777777778,0.361111111111111,0.388888888888889,0.111111111111111,-1.72222222222222,-0.0277777777777778,-0.305555555555556,36,-0.295575106792414,1148640
"387","Rajon Rondo","SAC","PG",11.9305555555556,6.04166666666667,11.6527777777778,1.95833333333333,0.138888888888889,-5.93055555555556,-0.875,-3.86111111111111,72,5.45431766688133,9500000
"388","Rakeem Christmas","IND","PF",4,1,0,0,0,0,0,0,1,3.72124143658378,1e+06
"389","Ramon Sessions","WAS","PG",9.87804878048781,2.47560975609756,2.91463414634146,0.560975609756098,0.0609756097560976,-3.80487804878049,-0.841463414634146,-1.40243902439024,82,3.50241662008261,2170465
"390","Randy Foye","OKC","SG",5.59259259259259,1.88888888888889,1.81481481481481,0.481481481481481,0.481481481481481,-3.59259259259259,-0.185185185185185,-1.03703703703704,27,-0.855541483503962,3270000
"391","Rashad Vaughn","MIL","SG",3.1,1.25714285714286,0.557142857142857,0.414285714285714,0.228571428571429,-2.64285714285714,-0.0428571428571429,-0.4,70,-1.41821106326843,1733040
"392","Rasual Butler","SAS","SF",2.69565217391304,1.21739130434783,0.521739130434783,0.282608695652174,0.5,-1.19565217391304,-0.108695652173913,-0.173913043478261,46,1.56929717408318,1499187
"393","Raul Neto","UTA","PG",5.87654320987654,1.48148148148148,2.14814814814815,0.765432098765432,0.0246913580246914,-2.93827160493827,-0.222222222222222,-1.34567901234568,81,1.57509004392951,1e+06
"394","Ray McCallum","MEM","PG",6.9,1.6,2.7,0.7,0.3,-5.1,-0.2,-1.3,10,0.0887536240782974,111444
"395","Ray McCallum","SAS","PG",2.19354838709677,1,1.06451612903226,0.161290322580645,0.129032258064516,-1.29032258064516,-0.032258064516129,-0.354838709677419,31,0.718481408511254,947276
"396","Raymond Felton","DAL","PG",9.5375,3.225,3.55,0.85,0.1875,-5.0625,-0.3375,-1.5125,80,2.82074463302486,3950313
"397","Reggie Bullock","DET","SF",3.2972972972973,1.83783783783784,0.72972972972973,0.27027027027027,0.0540540540540541,-1.48648648648649,-0.027027027027027,-0.216216216216216,37,1.89950631417533,1252440
"398","Reggie Jackson","DET","PG",18.8481012658228,3.20253164556962,6.22784810126582,0.746835443037975,0.139240506329114,-8.91139240506329,-0.582278481012658,-2.82278481012658,79,5.91752927843577,1.4e+07
"399","Richard Jefferson","CLE","SF",5.54054054054054,1.72972972972973,0.797297297297297,0.445945945945946,0.189189189189189,-2.28378378378378,-0.391891891891892,-0.581081081081081,74,2.41495962517,1499000
"400","Richaun Holmes","PHI","PF",5.62745098039216,2.64705882352941,0.647058823529412,0.372549019607843,0.784313725490196,-2.11764705882353,-0.450980392156863,-0.627450980392157,51,2.79716201471269,1050000
"401","Ricky Rubio","MIN","PG",10.0789473684211,4.28947368421053,8.6578947368421,2.13157894736842,0.131578947368421,-4.82894736842105,-0.631578947368421,-2.53947368421053,76,5.23527496070827,12365000
"402","Robert Covington","PHI","SF",12.8059701492537,6.25373134328358,1.44776119402985,1.56716417910448,0.597014925373134,-6.53731343283582,-0.552238805970149,-2.13432835820896,67,4.51192909623119,1e+06
"403","Robert Sacre","LAL","C",3.48,2.88,0.56,0.16,0.4,-1.76,-0.52,-0.48,25,1.2641158892271,981348
"404","Robin Lopez","NYK","C",10.2682926829268,7.34146341463415,1.39024390243902,0.195121951219512,1.57317073170732,-3.71951219512195,-0.402439024390244,-1.6219512195122,82,6.84955204603623,1.3e+07
"405","Rodney Hood","UTA","SG",14.5443037974684,3.37974683544304,2.69620253164557,0.924050632911392,0.20253164556962,-7.13924050632911,-0.354430379746835,-1.58227848101266,79,0.91920630236417,1348440
"406","Rodney Stuckey","IND","PG",8.91379310344828,2.68965517241379,2.44827586206897,0.741379310344828,0.137931034482759,-4.48275862068965,-0.46551724137931,-1.31034482758621,58,2.34503506079811,6500000
"407","Rondae Hollis-Jefferson","BRK","SF",5.75862068965517,5.31034482758621,1.48275862068966,1.3448275862069,0.551724137931034,-2.58620689655172,-0.517241379310345,-0.896551724137931,29,3.22645593344993,1335480
"408","Ronnie Price","PHO","PG",5.33870967741935,1.59677419354839,2.37096774193548,1.19354838709677,0.209677419354839,-3,-0.161290322580645,-1.12903225806452,62,1.67979536917807,1499187
"409","Roy Hibbert","LAL","C",5.93827160493827,4.91358024691358,1.17283950617284,0.395061728395062,1.35802469135802,-2.82716049382716,-0.345679012345679,-0.938271604938272,81,3.65158341789956,15500000
"410","Rudy Gay","SAC","SF",17.2,6.51428571428571,1.71428571428571,1.42857142857143,0.728571428571429,-7.72857142857143,-0.8,-1.98571428571429,70,7.1606489427309,12403101
"411","Rudy Gobert","UTA","C",9.13114754098361,10.9508196721311,1.49180327868852,0.737704918032787,2.21311475409836,-2.55737704918033,-2,-1.86885245901639,61,5.16809518818462,1175880
"412","Russ Smith","MEM","PG",1.53333333333333,0.6,0.733333333333333,0.333333333333333,0.0666666666666667,-1,-0.333333333333333,-0.466666666666667,15,-0.239569664684794,816482
"413","Russell Westbrook","OKC","PG",23.475,7.825,10.425,2.0375,0.25,-9.85,-1.35,-4.275,80,9.68009522566806,16744218
"414","Ryan Anderson","NOP","PF",17.030303030303,6,1.10606060606061,0.575757575757576,0.378787878787879,-8.06060606060606,-0.439393939393939,-1.36363636363636,66,6.41012747672506,8500000
"415","Ryan Hollins","MEM","C",3.625,2.71875,0.3125,0.1875,0.625,-0.84375,-0.5,-0.65625,32,2.27229440060188,593056
"416","Ryan Hollins","WAS","C",1.6,2.2,0,0,0.2,-0.6,0,-0.6,5,0.961861608810429,176375
"417","Ryan Kelly","LAL","PF",4.22222222222222,3.36111111111111,0.555555555555556,0.361111111111111,0.277777777777778,-2.61111111111111,-0.472222222222222,-0.5,36,0.905696179734236,1724250
"418","Salah Mejri","DAL","C",3.67647058823529,3.61764705882353,0.294117647058824,0.235294117647059,1.05882352941176,-0.852941176470588,-0.558823529411765,-0.676470588235294,34,2.57334412499512,525093
"419","Sam Dekker","HOU","SF",0,0.333333333333333,0,0.333333333333333,0,0,0,0,3,0.199853330889025,1646400
"420","Sasha Kaun","CLE","C",0.92,1.04,0.12,0.16,0.2,-0.32,-0.24,-0.28,25,0.331020028440603,1300000
"421","Sasha Vujacic","NYK","SG",4.85245901639344,2.44262295081967,1.37704918032787,0.557377049180328,0.0819672131147541,-2.80327868852459,-0.114754098360656,-0.721311475409836,61,-0.0118429055934166,1356146
"422","Sean Kilpatrick","BRK","SG",13.8260869565217,2.17391304347826,1.1304347826087,0.434782608695652,0.0869565217391304,-5.82608695652174,-0.260869565217391,-1.17391304347826,23,1.87995557694678,320594
"423","Sean Kilpatrick","DEN","SG",3.375,0.75,0.375,0.25,0,-1.625,-0.125,-0.5,8,-0.0182540634477511,99418
"424","Serge Ibaka","OKC","PF",12.6025641025641,6.83333333333333,0.846153846153846,0.487179487179487,1.8974358974359,-5.80769230769231,-0.384615384615385,-1.38461538461538,78,5.7117297621667,12350000
"425","Sergey Karasev","BRK","SF",2.425,1.45,0.875,0.15,0.05,-1.1,-0.05,-0.55,40,1.18803445088923,1599840
"426","Seth Curry","SAC","PG",6.79545454545455,1.36363636363636,1.52272727272727,0.5,0.0681818181818182,-2.77272727272727,-0.204545454545455,-0.818181818181818,44,2.73343988458044,947276
"427","Shabazz Muhammad","MIN","SF",10.5243902439024,3.25609756097561,0.634146341463415,0.292682926829268,0.0853658536585366,-4.4390243902439,-0.695121951219512,-0.853658536585366,82,4.02162552249411,2056920
"428","Shabazz Napier","ORL","PG",3.69090909090909,1,1.76363636363636,0.418181818181818,0.0181818181818182,-2.41818181818182,-0.218181818181818,-0.836363636363636,55,0.275870777092491,1294440
"429","Shane Larkin","BRK","PG",7.25641025641026,2.30769230769231,4.38461538461539,1.21794871794872,0.153846153846154,-3.58974358974359,-0.307692307692308,-1.87179487179487,78,2.77030689907097,1500000
"430","Shaun Livingston","GSW","PG",6.25641025641026,2.16666666666667,3.03846153846154,0.730769230769231,0.346153846153846,-2.25641025641026,-0.166666666666667,-1,78,3.83543366933882,5543725
"431","Shayne Whittington","IND","PF",1.57142857142857,1.71428571428571,0.428571428571429,0.142857142857143,0.142857142857143,-0.857142857142857,-0.142857142857143,-0.714285714285714,7,0.320962941331643,845059
"432","Shelvin Mack","UTA","PG",12.6785714285714,3.78571428571429,5.32142857142857,0.928571428571429,0.107142857142857,-6.35714285714286,-0.464285714285714,-2.89285714285714,28,3.47885155723574,2433333
"433","Solomon Hill","IND","SF",4.16949152542373,2.8135593220339,0.966101694915254,0.627118644067797,0.186440677966102,-1.94915254237288,-0.101694915254237,-0.559322033898305,59,2.27187456413797,1358880
"434","Sonny Weems","PHI","SF",2.42857142857143,1.71428571428571,0.285714285714286,0,0,-2,-0.142857142857143,-0.571428571428571,7,-0.308990771512717,2800000
"435","Spencer Dinwiddie","DET","PG",4.83333333333333,1.41666666666667,1.83333333333333,0.25,0,-2.91666666666667,-1.16666666666667,-0.583333333333333,12,-0.616158148719276,845059
"436","Spencer Hawes","CHO","PF",5.96491228070175,4.28070175438596,1.91228070175439,0.385964912280702,0.473684210526316,-3.19298245614035,-0.192982456140351,-1.01754385964912,57,2.58436221363679,5543725
"437","Stanley Johnson","DET","SF",8.12328767123288,4.19178082191781,1.61643835616438,0.753424657534247,0.164383561643836,-5.13698630136986,-0.301369863013699,-1.56164383561644,73,1.73850765283667,2841960
"438","Stephen Curry","GSW","PG",30.0632911392405,5.44303797468354,6.67088607594937,2.13924050632911,0.189873417721519,-10.0379746835443,-0.468354430379747,-3.31645569620253,79,15.7953450520311,11370786
"439","Steve Blake","DET","PG",4.37931034482759,1.53448275862069,3.44827586206897,0.413793103448276,0.0862068965517241,-2.53448275862069,-0.0689655172413793,-1.39655172413793,58,1.35577495713266,2170465
"440","Steve Novak","MIL","PF",2.33333333333333,0.333333333333333,0,0,0,-1.33333333333333,0,0,3,0.632599076802166,416886
"441","Steven Adams","OKC","C",7.95,6.6625,0.775,0.525,1.1125,-2.0625,-1.025,-1.05,80,5.25803627354055,2279040
"442","T.J. McConnell","PHI","PG",6.08641975308642,3.08641975308642,4.53086419753086,1.17283950617284,0.123456790123457,-3.03703703703704,-0.185185185185185,-1.72839506172839,81,2.88747163192039,525093
"443","T.J. Warren","PHO","SF",10.9574468085106,3.12765957446809,0.936170212765957,0.787234042553192,0.340425531914894,-4.68085106382979,-0.404255319148936,-0.680851063829787,47,5.11338216529065,2041080
"444","Taj Gibson","CHI","PF",8.58904109589041,6.9041095890411,1.45205479452055,0.643835616438356,1.05479452054795,-3.24657534246575,-0.616438356164384,-1.06849315068493,73,4.88785960895141,8500000
"445","Tarik Black","LAL","C",3.41025641025641,4.02564102564103,0.41025641025641,0.358974358974359,0.461538461538462,-1.20512820512821,-0.666666666666667,-0.564102564102564,39,1.71934781724495,845059
"446","Tayshaun Prince","MIN","SF",2.87012987012987,1.90909090909091,0.948051948051948,0.467532467532468,0.168831168831169,-1.64935064935065,-0.0779220779220779,-0.350649350649351,77,1.3536645449693,1499187
"447","Terrence Jones","HOU","PF",8.68,4.22,0.82,0.46,0.78,-4.02,-0.78,-0.98,50,3.05547923439006,2489530
"448","Terrence Ross","TOR","SF",9.86301369863014,2.53424657534247,0.767123287671233,0.73972602739726,0.342465753424658,-4.87671232876712,-0.178082191780822,-0.63013698630137,73,4.02544163305421,3553917
"449","Terry Rozier","BOS","PG",1.84615384615385,1.61538461538462,0.948717948717949,0.153846153846154,0.0256410256410256,-1.97435897435897,-0.0512820512820513,-0.487179487179487,39,-0.656137875000561,1824360
"450","Thabo Sefolosha","ATL","SF",6.4,4.45333333333333,1.42666666666667,1.13333333333333,0.493333333333333,-2.45333333333333,-0.493333333333333,-0.906666666666667,75,3.74615981342487,4e+06
"451","Thaddeus Young","BRK","PF",15.0958904109589,9.04109589041096,1.84931506849315,1.53424657534247,0.506849315068493,-6.41095890410959,-0.794520547945205,-1.86301369863014,73,7.02953804189768,11200000
"452","Thanasis Antetokounmpo","NYK","SF",3,0.5,0,0,0,-0.5,0,0,2,2.3389641973081,105888
"453","Thomas Robinson","BRK","PF",4.32394366197183,5.05633802816901,0.647887323943662,0.549295774647887,0.507042253521127,-2.26760563380282,-0.873239436619718,-0.971830985915493,71,1.02171220868346,981300
"454","Tiago Splitter","ATL","C",5.58333333333333,3.33333333333333,0.833333333333333,0.555555555555556,0.333333333333333,-2.05555555555556,-0.25,-0.666666666666667,36,3.68226313659784,8500000
"455","Tibor Pleiss","UTA","C",2,1.25,0.166666666666667,0.0833333333333333,0.166666666666667,-1.16666666666667,0,-0.666666666666667,12,0.640703527645593,3e+06
"456","Tim Duncan","SAS","C",8.55737704918033,7.32786885245902,2.67213114754098,0.770491803278688,1.27868852459016,-3.70491803278689,-0.639344262295082,-1.47540983606557,61,5.42585782968332,5e+06
"457","Tim Frazier","NOP","PG",13.125,4.4375,7.5,1.4375,0.0625,-5.8125,-0.875,-2.375,16,5.67047296262548,144157
"458","Tim Frazier","POR","PG",1.45714285714286,1.11428571428571,1.2,0.285714285714286,0.0285714285714286,-1.14285714285714,-0.2,-0.771428571428571,35,-0.306172067282256,845059
"459","Tim Hardaway","ATL","SG",6.3921568627451,1.68627450980392,1,0.411764705882353,0.137254901960784,-2.96078431372549,-0.117647058823529,-0.450980392156863,51,0.929011948710551,1304520
"460","Timofey Mozgov","CLE","C",6.25,4.43421052631579,0.434210526315789,0.289473684210526,0.75,-2.05263157894737,-0.355263157894737,-0.934210526315789,76,4.08177680696311,4950000
"461","Tobias Harris","DET","PF",16.5555555555556,6.22222222222222,2.59259259259259,0.666666666666667,0.444444444444444,-6.74074074074074,-0.296296296296296,-1.11111111111111,27,8.5260249989645,1.6e+07
"462","Toney Douglas","NOP","PG",8.70491803278689,2.34426229508197,2.57377049180328,1.14754098360656,0.0819672131147541,-4.29508196721311,-0.245901639344262,-1.04918032786885,61,3.14493669484994,1164858
"463","Tony Allen","MEM","SG",8.359375,4.625,1.09375,1.71875,0.28125,-3.96875,-0.75,-1.21875,64,0.350913381706825,5168539
"464","Tony Parker","SAS","PG",11.9027777777778,2.44444444444444,5.26388888888889,0.75,0.152777777777778,-5,-0.569444444444444,-1.81944444444444,72,5.01577740961976,13437500
"465","Tony Snell","CHI","SF",5.28125,3.109375,0.984375,0.25,0.265625,-3.328125,-0.046875,-0.8125,64,1.50209829831388,1535880
"466","Tony Wroten","PHI","PG",8.375,2.625,2.5,0.375,0,-5.375,-2.125,-3.625,8,-4.21200886071891,2179354
"467","Trevor Ariza","HOU","SF",12.6543209876543,4.51851851851852,2.32098765432099,1.97530864197531,0.320987654320988,-6.19753086419753,-0.432098765432099,-1.39506172839506,81,5.65097016156461,8193030
"468","Trevor Booker","UTA","PF",5.86075949367089,5.72151898734177,1.06329113924051,0.746835443037975,0.518987341772152,-2.50632911392405,-0.443037974683544,-1.0253164556962,79,3.02571836757471,4775000
"469","Trey Burke","UTA","PG",10.609375,1.75,2.3125,0.546875,0.09375,-5.8125,-0.234375,-1.25,64,2.26180902058409,2658240
"470","Trey Lyles","UTA","PF",6.1,3.7375,0.7375,0.325,0.225,-3.0625,-0.3125,-0.8125,80,2.15261479074957,2239800
"471","Tristan Thompson","CLE","PF",7.84146341463415,9,0.75609756097561,0.463414634146341,0.621951219512195,-2.10975609756098,-1.13414634146341,-0.74390243902439,82,4.82967736940811,14260870
"472","Troy Daniels","CHO","SG",5.62790697674419,1.32558139534884,0.488372093023256,0.255813953488372,0.0697674418604651,-2.27906976744186,-0.0930232558139535,-0.558139534883721,43,1.01972152681287,947276
"473","Ty Lawson","HOU","PG",5.83018867924528,1.67924528301887,3.39622641509434,0.811320754716981,0.113207547169811,-3.32075471698113,-0.452830188679245,-1.54716981132075,53,1.11618940254736,12404495
"474","Ty Lawson","IND","PG",4.92307692307692,2.38461538461538,4.38461538461539,0.769230769230769,0.0769230769230769,-3,-0.230769230769231,-1,13,2.03077121354144,265058
"475","Tyler Ennis","MIL","PG",4.47826086956522,1.6304347826087,2.06521739130435,0.543478260869565,0.0217391304347826,-2.23913043478261,-0.195652173913043,-1,46,1.42654591755208,1662360
"476","Tyler Hansbrough","CHO","PF",2.36363636363636,2.02272727272727,0.181818181818182,0.272727272727273,0.159090909090909,-0.886363636363636,-0.613636363636364,-0.272727272727273,44,0.704408143797948,1185784
"477","Tyler Johnson","MIA","SG",8.72222222222222,3.02777777777778,2.19444444444444,0.666666666666667,0.388888888888889,-3.47222222222222,-0.361111111111111,-1.30555555555556,36,1.91128439325677,845059
"478","Tyler Zeller","BOS","C",6.06666666666667,2.96666666666667,0.483333333333333,0.166666666666667,0.366666666666667,-2.53333333333333,-0.333333333333333,-0.766666666666667,60,3.09550180566777,2616975
"479","Tyreke Evans","NOP","SG",15.16,5.16,6.56,1.28,0.32,-7.12,-0.76,-2.92,25,1.78369633337003,11227000
"480","Tyson Chandler","PHO","C",7.15151515151515,8.72727272727273,0.96969696969697,0.545454545454545,0.666666666666667,-1.98484848484848,-0.984848484848485,-1.40909090909091,66,4.54772237518264,1.3e+07
"481","Tyus Jones","MIN","PG",4.21621621621622,1.27027027027027,2.91891891891892,0.837837837837838,0.0810810810810811,-2.7027027027027,-0.297297297297297,-0.891891891891892,37,0.981397861059542,1282080
"482","Udonis Haslem","MIA","PF",1.59459459459459,2.02702702702703,0.378378378378378,0.135135135135135,0.0540540540540541,-1.02702702702703,-0.108108108108108,-0.135135135135135,37,0.591830409160642,2854940
"483","Victor Oladipo","ORL","SG",16.0138888888889,4.79166666666667,3.91666666666667,1.61111111111111,0.75,-7.56944444444444,-0.583333333333333,-2.125,72,1.89175575594307,5192520
"484","Vince Carter","MEM","SG",6.58333333333333,2.43333333333333,0.933333333333333,0.633333333333333,0.266666666666667,-3.5,-0.233333333333333,-0.583333333333333,60,0.115030848349053,4088091
"485","Walter Tavares","ATL","C",2.27272727272727,1.90909090909091,0.272727272727273,0.0909090909090909,0.545454545454545,-0.727272727272727,-0.454545454545455,-0.454545454545455,11,1.06126500660832,1e+06
"486","Wayne Ellington","BRK","SG",7.71052631578947,2.28947368421053,1.09210526315789,0.631578947368421,0.0657894736842105,-4.51315789473684,-0.118421052631579,-0.592105263157895,76,-0.430551029881252,1500000
"487","Wesley Johnson","LAC","SF",6.8625,3.1,0.6125,1.1125,0.7,-3.8375,-0.2,-0.675,80,2.66410490990975,1100600
"488","Wesley Matthews","DAL","SG",12.525641025641,3.05128205128205,1.93589743589744,1,0.217948717948718,-6.70512820512821,-0.256410256410256,-1,78,0.194501395250425,16400000
"489","Will Barton","DEN","SG",14.3658536585366,5.80487804878049,2.47560975609756,0.865853658536585,0.475609756097561,-6.80487804878049,-0.634146341463415,-1.69512195121951,82,1.06253622969318,3333333
"490","Willie Cauley-Stein","SAC","C",7.01515151515152,5.33333333333333,0.560606060606061,0.727272727272727,1,-2.24242424242424,-0.666666666666667,-0.696969696969697,66,4.80181894878817,3398280
"491","Willie Reed","BRK","PF",4.66666666666667,3.12820512820513,0.256410256410256,0.153846153846154,0.769230769230769,-1.46153846153846,-0.641025641025641,-0.41025641025641,39,2.39052609122902,947276
"492","Xavier Munford","MEM","SG",5.71428571428571,2.21428571428571,1.57142857142857,0.928571428571429,0.214285714285714,-3.21428571428571,-0.5,-1.07142857142857,14,-0.678139917022114,89588
"493","Zach LaVine","MIN","SG",14.0243902439024,2.78048780487805,3.0609756097561,0.841463414634146,0.207317073170732,-6.41463414634146,-0.51219512195122,-1.89024390243902,82,1.17495088392765,2148360
"494","Zach Randolph","MEM","PF",15.2941176470588,7.77941176470588,2.08823529411765,0.632352941176471,0.191176470588235,-7,-0.647058823529412,-1.54411764705882,68,6.26975661724288,9638555
"495","Zaza Pachulia","DAL","C",8.55263157894737,9.44736842105263,1.68421052631579,0.842105263157895,0.289473684210526,-3.30263157894737,-0.842105263157895,-1.56578947368421,76,5.00470763501623,5200000
